"route","source_file","account_area","product_domain","audit_risk","disposition","canonicalTarget","owner","decisionBasis"
"/","app/page.tsx","Public / Acquisition","Dashboard / platform","low","keep","/","Public / Acquisition","Canonical surface retained pending normal definition-of-done verification."
"/achievements","app/achievements/page.tsx","General / Work Mode","Discovery & insights","low","keep","/achievements","General / Work Mode","Canonical surface retained pending normal definition-of-done verification."
"/admin","app/admin/page.tsx","Admin / Organization","Dashboard / platform","low","redirect","/admin/dashboard","Admin / Organization","Canonical IA or current canonical-route ledger."
"/admin/applications","app/admin/(dashboard-shell)/applications/page.tsx","Admin / Organization","Workforce & jobs","medium","keep","/admin/applications","Admin / Organization","Canonical surface retained pending normal definition-of-done verification."
"/admin/create-tables","app/admin/(dashboard-shell)/create-tables/page.tsx","Admin / Organization","Identity & onboarding","medium","hide","","Engineering / internal tools","Debug, migration, setup, or test surface; never production navigation."
"/admin/dashboard","app/admin/dashboard/page.tsx","Admin / Organization","Dashboard / platform","low","keep","/admin/dashboard","Admin / Organization","Canonical surface retained pending normal definition-of-done verification."
"/admin/dashboard/agencies","app/admin/dashboard/agencies/page.tsx","Admin / Organization","Dashboard / platform","low","keep","/admin/dashboard/agencies","Admin / Organization","Canonical surface retained pending normal definition-of-done verification."
"/admin/dashboard/analytics","app/admin/dashboard/analytics/page.tsx","Admin / Organization","Discovery & insights","medium","keep","/admin/dashboard/analytics","Admin / Organization","Canonical surface retained pending normal definition-of-done verification."
"/admin/dashboard/applications","app/admin/dashboard/applications/page.tsx","Admin / Organization","Workforce & jobs","low","keep","/admin/dashboard/applications","Admin / Organization","Canonical surface retained pending normal definition-of-done verification."
"/admin/dashboard/applications/[id]","app/admin/dashboard/applications/[id]/page.tsx","Admin / Organization","Workforce & jobs","low","keep","/admin/dashboard/applications/[id]","Admin / Organization","Canonical surface retained pending normal definition-of-done verification."
"/admin/dashboard/artists","app/admin/dashboard/artists/page.tsx","Admin / Organization","Dashboard / platform","medium","keep","/admin/dashboard/artists","Admin / Organization","Canonical surface retained pending normal definition-of-done verification."
"/admin/dashboard/artists/[id]","app/admin/dashboard/artists/[id]/page.tsx","Admin / Organization","Dashboard / platform","low","keep","/admin/dashboard/artists/[id]","Admin / Organization","Canonical surface retained pending normal definition-of-done verification."
"/admin/dashboard/artists/new","app/admin/dashboard/artists/new/page.tsx","Admin / Organization","Dashboard / platform","low","keep","/admin/dashboard/artists/new","Admin / Organization","Canonical surface retained pending normal definition-of-done verification."
"/admin/dashboard/calendar","app/admin/dashboard/calendar/page.tsx","Admin / Organization","Events & bookings","low","keep","/admin/dashboard/calendar","Admin / Organization","Canonical surface retained pending normal definition-of-done verification."
"/admin/dashboard/candidates","app/admin/dashboard/candidates/page.tsx","Admin / Organization","Workforce & jobs","low","keep","/admin/dashboard/candidates","Admin / Organization","Canonical surface retained pending normal definition-of-done verification."
"/admin/dashboard/communications","app/admin/dashboard/communications/page.tsx","Admin / Organization","Dashboard / platform","low","keep","/admin/dashboard/communications","Admin / Organization","Canonical surface retained pending normal definition-of-done verification."
"/admin/dashboard/connect","app/admin/dashboard/connect/page.tsx","Admin / Organization","Community & communications","low","keep","/admin/dashboard/connect","Admin / Organization","Canonical surface retained pending normal definition-of-done verification."
"/admin/dashboard/content","app/admin/dashboard/content/page.tsx","Admin / Organization","Content & publishing","medium","keep","/admin/dashboard/content","Admin / Organization","Canonical surface retained pending normal definition-of-done verification."
"/admin/dashboard/contracts","app/admin/dashboard/contracts/page.tsx","Admin / Organization","Dashboard / platform","low","keep","/admin/dashboard/contracts","Admin / Organization","Canonical surface retained pending normal definition-of-done verification."
"/admin/dashboard/epk","app/admin/dashboard/epk/page.tsx","Admin / Organization","Music & rights","low","keep","/admin/dashboard/epk","Admin / Organization","Canonical surface retained pending normal definition-of-done verification."
"/admin/dashboard/events","app/admin/dashboard/events/page.tsx","Admin / Organization","Events & bookings","low","keep","/admin/dashboard/events","Admin / Organization","Canonical surface retained pending normal definition-of-done verification."
"/admin/dashboard/events/[id]","app/admin/dashboard/events/[id]/page.tsx","Admin / Organization","Events & bookings","critical","keep","/admin/dashboard/events/[id]","Admin / Organization","Canonical surface retained; audit remediation required before release acceptance."
"/admin/dashboard/events/[id]/advancing","app/admin/dashboard/events/[id]/advancing/page.tsx","Admin / Organization","Events & bookings","low","keep","/admin/dashboard/events/[id]/advancing","Admin / Organization","Canonical surface retained pending normal definition-of-done verification."
"/admin/dashboard/events/[id]/check-in","app/admin/dashboard/events/[id]/check-in/page.tsx","Admin / Organization","Events & bookings","low","keep","/admin/dashboard/events/[id]/check-in","Admin / Organization","Canonical surface retained pending normal definition-of-done verification."
"/admin/dashboard/events/[id]/command-center","app/admin/dashboard/events/[id]/command-center/page.tsx","Admin / Organization","Events & bookings","low","keep","/admin/dashboard/events/[id]/command-center","Admin / Organization","Canonical surface retained pending normal definition-of-done verification."
"/admin/dashboard/events/[id]/day-sheet","app/admin/dashboard/events/[id]/day-sheet/page.tsx","Admin / Organization","Events & bookings","low","keep","/admin/dashboard/events/[id]/day-sheet","Admin / Organization","Canonical surface retained pending normal definition-of-done verification."
"/admin/dashboard/events/[id]/hq","app/admin/dashboard/events/[id]/hq/page.tsx","Admin / Organization","Events & bookings","medium","keep","/admin/dashboard/events/[id]/hq","Admin / Organization","Canonical surface retained pending normal definition-of-done verification."
"/admin/dashboard/events/create","app/admin/dashboard/events/create/page.tsx","Admin / Organization","Identity & onboarding","medium","keep","/admin/dashboard/events/create","Admin / Organization","Canonical surface retained pending normal definition-of-done verification."
"/admin/dashboard/events/planner","app/admin/dashboard/events/planner/page.tsx","Admin / Organization","Events & bookings","low","redirect","/admin/dashboard/events/create","Admin / Organization","Canonical IA or current canonical-route ledger."
"/admin/dashboard/features","app/admin/dashboard/features/page.tsx","Admin / Organization","Dashboard / platform","low","keep","/admin/dashboard/features","Admin / Organization","Canonical surface retained pending normal definition-of-done verification."
"/admin/dashboard/feed","app/admin/dashboard/feed/page.tsx","Admin / Organization","Content & publishing","medium","keep","/admin/dashboard/feed","Admin / Organization","Canonical surface retained pending normal definition-of-done verification."
"/admin/dashboard/finances","app/admin/dashboard/finances/page.tsx","Admin / Organization","Commerce & finance","medium","keep","/admin/dashboard/finances","Admin / Organization","Canonical surface retained pending normal definition-of-done verification."
"/admin/dashboard/hiring","app/admin/dashboard/hiring/page.tsx","Admin / Organization","Workforce & jobs","low","keep","/admin/dashboard/hiring","Admin / Organization","Canonical surface retained pending normal definition-of-done verification."
"/admin/dashboard/hiring/templates","app/admin/dashboard/hiring/templates/page.tsx","Admin / Organization","Workforce & jobs","low","keep","/admin/dashboard/hiring/templates","Admin / Organization","Canonical surface retained pending normal definition-of-done verification."
"/admin/dashboard/hiring/templates/[id]","app/admin/dashboard/hiring/templates/[id]/page.tsx","Admin / Organization","Workforce & jobs","low","keep","/admin/dashboard/hiring/templates/[id]","Admin / Organization","Canonical surface retained pending normal definition-of-done verification."
"/admin/dashboard/hiring/templates/new","app/admin/dashboard/hiring/templates/new/page.tsx","Admin / Organization","Workforce & jobs","low","keep","/admin/dashboard/hiring/templates/new","Admin / Organization","Canonical surface retained pending normal definition-of-done verification."
"/admin/dashboard/inventory","app/admin/dashboard/inventory/page.tsx","Admin / Organization","Commerce & finance","low","keep","/admin/dashboard/inventory","Admin / Organization","Canonical surface retained pending normal definition-of-done verification."
"/admin/dashboard/jobs","app/admin/dashboard/jobs/page.tsx","Admin / Organization","Workforce & jobs","low","redirect","/admin/dashboard/hiring?tab=jobs","Admin / Organization","Canonical IA or current canonical-route ledger."
"/admin/dashboard/jobs/[id]","app/admin/dashboard/jobs/[id]/page.tsx","Admin / Organization","Workforce & jobs","low","keep","/admin/dashboard/jobs/[id]","Admin / Organization","Canonical surface retained pending normal definition-of-done verification."
"/admin/dashboard/jobs/new","app/admin/dashboard/jobs/new/page.tsx","Admin / Organization","Workforce & jobs","low","keep","/admin/dashboard/jobs/new","Admin / Organization","Canonical surface retained pending normal definition-of-done verification."
"/admin/dashboard/logistics","app/admin/dashboard/logistics/page.tsx","Admin / Organization","Logistics & production","low","keep","/admin/dashboard/logistics","Admin / Organization","Canonical surface retained pending normal definition-of-done verification."
"/admin/dashboard/logistics/site-maps-enhanced","app/admin/dashboard/logistics/site-maps-enhanced/page.tsx","Admin / Organization","Logistics & production","low","keep","/admin/dashboard/logistics/site-maps-enhanced","Admin / Organization","Canonical surface retained pending normal definition-of-done verification."
"/admin/dashboard/marketplace","app/admin/dashboard/marketplace/page.tsx","Admin / Organization","Commerce & finance","low","keep","/admin/dashboard/marketplace","Admin / Organization","Canonical surface retained pending normal definition-of-done verification."
"/admin/dashboard/marketplace/orders","app/admin/dashboard/marketplace/orders/page.tsx","Admin / Organization","Commerce & finance","low","keep","/admin/dashboard/marketplace/orders","Admin / Organization","Canonical surface retained pending normal definition-of-done verification."
"/admin/dashboard/marketplace/orders/[id]","app/admin/dashboard/marketplace/orders/[id]/page.tsx","Admin / Organization","Commerce & finance","low","keep","/admin/dashboard/marketplace/orders/[id]","Admin / Organization","Canonical surface retained pending normal definition-of-done verification."
"/admin/dashboard/messages","app/admin/dashboard/messages/page.tsx","Admin / Organization","Community & communications","low","redirect","/admin/dashboard/communications","Admin / Organization","Canonical IA or current canonical-route ledger."
"/admin/dashboard/music","app/admin/dashboard/music/page.tsx","Admin / Organization","Music & rights","low","keep","/admin/dashboard/music","Admin / Organization","Canonical surface retained pending normal definition-of-done verification."
"/admin/dashboard/network","app/admin/dashboard/network/page.tsx","Admin / Organization","Dashboard / platform","medium","keep","/admin/dashboard/network","Admin / Organization","Canonical surface retained pending normal definition-of-done verification."
"/admin/dashboard/onboarding","app/admin/dashboard/onboarding/page.tsx","Admin / Organization","Identity & onboarding","low","redirect","/admin/dashboard/hiring?tab=onboarding","Admin / Organization","Canonical IA or current canonical-route ledger."
"/admin/dashboard/organization","app/admin/dashboard/organization/page.tsx","Admin / Organization","Dashboard / platform","low","keep","/admin/dashboard/organization","Admin / Organization","Canonical surface retained pending normal definition-of-done verification."
"/admin/dashboard/rbac","app/admin/dashboard/rbac/page.tsx","Admin / Organization","Dashboard / platform","medium","keep","/admin/dashboard/rbac","Admin / Organization","Canonical surface retained pending normal definition-of-done verification."
"/admin/dashboard/roster","app/admin/dashboard/roster/page.tsx","Admin / Organization","Workforce & jobs","low","keep","/admin/dashboard/roster","Admin / Organization","Canonical surface retained pending normal definition-of-done verification."
"/admin/dashboard/settings","app/admin/dashboard/settings/page.tsx","Admin / Organization","Settings, trust & support","low","keep","/admin/dashboard/settings","Admin / Organization","Canonical surface retained pending normal definition-of-done verification."
"/admin/dashboard/settings/audit","app/admin/dashboard/settings/audit/page.tsx","Admin / Organization","Settings, trust & support","low","keep","/admin/dashboard/settings/audit","Admin / Organization","Canonical surface retained pending normal definition-of-done verification."
"/admin/dashboard/staff","app/admin/dashboard/staff/page.tsx","Admin / Organization","Workforce & jobs","low","keep","/admin/dashboard/staff","Admin / Organization","Canonical surface retained pending normal definition-of-done verification."
"/admin/dashboard/store","app/admin/dashboard/store/page.tsx","Admin / Organization","Commerce & finance","low","keep","/admin/dashboard/store","Admin / Organization","Canonical surface retained pending normal definition-of-done verification."
"/admin/dashboard/test-api","app/admin/dashboard/test-api/page.tsx","Admin / Organization","Dashboard / platform","low","hide","","Engineering / internal tools","Debug, migration, setup, or test surface; never production navigation."
"/admin/dashboard/ticketing","app/admin/dashboard/ticketing/page.tsx","Admin / Organization","Commerce & finance","medium","keep","/admin/dashboard/ticketing","Admin / Organization","Canonical surface retained pending normal definition-of-done verification."
"/admin/dashboard/ticketing/enhanced","app/admin/dashboard/ticketing/enhanced/page.tsx","Admin / Organization","Commerce & finance","low","keep","/admin/dashboard/ticketing/enhanced","Admin / Organization","Canonical surface retained pending normal definition-of-done verification."
"/admin/dashboard/tours","app/admin/dashboard/tours/page.tsx","Admin / Organization","Tours & advancing","low","keep","/admin/dashboard/tours","Admin / Organization","Canonical surface retained pending normal definition-of-done verification."
"/admin/dashboard/tours/[id]","app/admin/dashboard/tours/[id]/page.tsx","Admin / Organization","Tours & advancing","medium","keep","/admin/dashboard/tours/[id]","Admin / Organization","Canonical surface retained pending normal definition-of-done verification."
"/admin/dashboard/tours/builder","app/admin/dashboard/tours/builder/page.tsx","Admin / Organization","Tours & advancing","medium","keep","/admin/dashboard/tours/builder","Admin / Organization","Canonical surface retained pending normal definition-of-done verification."
"/admin/dashboard/tours/create","app/admin/dashboard/tours/create/page.tsx","Admin / Organization","Identity & onboarding","low","redirect","/admin/dashboard/tours/builder","Admin / Organization","Canonical IA or current canonical-route ledger."
"/admin/dashboard/tours/planner","app/admin/dashboard/tours/planner/page.tsx","Admin / Organization","Tours & advancing","low","redirect","/admin/dashboard/tours/builder","Admin / Organization","Canonical IA or current canonical-route ledger."
"/admin/dashboard/venues","app/admin/dashboard/venues/page.tsx","Admin / Organization","Dashboard / platform","medium","keep","/admin/dashboard/venues","Admin / Organization","Canonical surface retained pending normal definition-of-done verification."
"/admin/dashboard/venues/[id]","app/admin/dashboard/venues/[id]/page.tsx","Admin / Organization","Profiles & directory","low","keep","/admin/dashboard/venues/[id]","Admin / Organization","Canonical surface retained pending normal definition-of-done verification."
"/admin/dashboard/website","app/admin/dashboard/website/page.tsx","Admin / Organization","Dashboard / platform","low","keep","/admin/dashboard/website","Admin / Organization","Canonical surface retained pending normal definition-of-done verification."
"/admin/debug","app/admin/(dashboard-shell)/debug/page.tsx","Admin / Organization","Dashboard / platform","low","hide","","Engineering / internal tools","Debug, migration, setup, or test surface; never production navigation."
"/admin/job-postings/new","app/admin/(dashboard-shell)/job-postings/new/page.tsx","Admin / Organization","Workforce & jobs","medium","keep","/admin/job-postings/new","Admin / Organization","Canonical surface retained pending normal definition-of-done verification."
"/admin/request","app/admin/(dashboard-shell)/request/page.tsx","Admin / Organization","Dashboard / platform","low","keep","/admin/request","Admin / Organization","Canonical surface retained pending normal definition-of-done verification."
"/admin/reset-onboarding","app/admin/(dashboard-shell)/reset-onboarding/page.tsx","Admin / Organization","Identity & onboarding","medium","hide","","Engineering / internal tools","Debug, migration, setup, or test surface; never production navigation."
"/admin/settings","app/admin/settings/page.tsx","Admin / Organization","Settings, trust & support","low","keep","/admin/settings","Admin / Organization","Canonical surface retained pending normal definition-of-done verification."
"/admin/setup","app/admin/(dashboard-shell)/setup/page.tsx","Admin / Organization","Settings, trust & support","medium","hide","","Engineering / internal tools","Debug, migration, setup, or test surface; never production navigation."
"/admin/teams/[jobId]","app/admin/(dashboard-shell)/teams/[jobId]/page.tsx","Admin / Organization","Workforce & jobs","medium","keep","/admin/teams/[jobId]","Admin / Organization","Canonical surface retained pending normal definition-of-done verification."
"/advance/[token]","app/advance/[token]/page.tsx","Shared / Public","Logistics & production","low","keep","/advance/[token]","Shared / Public","Canonical surface retained pending normal definition-of-done verification."
"/all-users","app/all-users/page.tsx","Shared / Public","Discovery & insights","low","keep","/all-users","Shared / Public","Canonical surface retained pending normal definition-of-done verification."
"/analytics","app/analytics/page.tsx","Shared / Public","Discovery & insights","low","keep","/analytics","Shared / Public","Canonical surface retained pending normal definition-of-done verification."
"/artist","app/artist/page.tsx","Artist","Dashboard / platform","low","keep","/artist","Artist","Canonical surface retained pending normal definition-of-done verification."
"/artist/[username]","app/artist/[username]/page.tsx","Artist","Profiles & directory","low","keep","/artist/[username]","Artist","Canonical surface retained pending normal definition-of-done verification."
"/artist/bookings","app/artist/bookings/page.tsx","Artist","Events & bookings","low","keep","/artist/bookings","Artist","Canonical surface retained pending normal definition-of-done verification."
"/artist/business","app/artist/business/page.tsx","Artist","Dashboard / platform","low","keep","/artist/business","Artist","Canonical surface retained pending normal definition-of-done verification."
"/artist/business/analytics","app/artist/business/analytics/page.tsx","Artist","Discovery & insights","medium","keep","/artist/business/analytics","Artist","Canonical surface retained pending normal definition-of-done verification."
"/artist/business/collaboration","app/artist/business/collaboration/page.tsx","Artist","Community & communications","medium","keep","/artist/business/collaboration","Artist","Canonical surface retained pending normal definition-of-done verification."
"/artist/business/contracts","app/artist/business/contracts/page.tsx","Artist","Dashboard / platform","medium","keep","/artist/business/contracts","Artist","Canonical surface retained pending normal definition-of-done verification."
"/artist/business/education","app/artist/business/education/page.tsx","Artist","Dashboard / platform","low","keep","/artist/business/education","Artist","Canonical surface retained pending normal definition-of-done verification."
"/artist/business/fans","app/artist/business/fans/page.tsx","Artist","Dashboard / platform","low","keep","/artist/business/fans","Artist","Canonical surface retained pending normal definition-of-done verification."
"/artist/business/financial","app/artist/business/financial/page.tsx","Artist","Dashboard / platform","medium","keep","/artist/business/financial","Artist","Canonical surface retained pending normal definition-of-done verification."
"/artist/business/marketing","app/artist/business/marketing/page.tsx","Artist","Dashboard / platform","medium","keep","/artist/business/marketing","Artist","Canonical surface retained pending normal definition-of-done verification."
"/artist/collaborations","app/artist/collaborations/page.tsx","Artist","Community & communications","low","keep","/artist/collaborations","Artist","Canonical surface retained pending normal definition-of-done verification."
"/artist/community","app/artist/community/page.tsx","Artist","Community & communications","low","keep","/artist/community","Artist","Canonical surface retained pending normal definition-of-done verification."
"/artist/content","app/artist/content/page.tsx","Artist","Content & publishing","medium","keep","/artist/content","Artist","Canonical surface retained pending normal definition-of-done verification."
"/artist/dashboard/analytics","app/artist/dashboard/analytics/page.tsx","Artist","Discovery & insights","low","keep","/artist/dashboard/analytics","Artist","Canonical surface retained pending normal definition-of-done verification."
"/artist/debug","app/artist/debug/page.tsx","Artist","Dashboard / platform","medium","hide","","Engineering / internal tools","Debug, migration, setup, or test surface; never production navigation."
"/artist/epk","app/artist/epk/page.tsx","Artist","Music & rights","medium","keep","/artist/epk","Artist","Canonical surface retained pending normal definition-of-done verification."
"/artist/events","app/artist/events/page.tsx","Artist","Events & bookings","low","keep","/artist/events","Artist","Canonical surface retained pending normal definition-of-done verification."
"/artist/events/[id]","app/artist/events/[id]/page.tsx","Artist","Events & bookings","critical","keep","/artist/events/[id]","Artist","Canonical surface retained; audit remediation required before release acceptance."
"/artist/events/[id]/manage","app/artist/events/[id]/manage/page.tsx","Artist","Events & bookings","low","keep","/artist/events/[id]/manage","Artist","Canonical surface retained pending normal definition-of-done verification."
"/artist/events/[id]/site-map","app/artist/events/[id]/site-map/page.tsx","Artist","Events & bookings","medium","keep","/artist/events/[id]/site-map","Artist","Canonical surface retained pending normal definition-of-done verification."
"/artist/events/budget","app/artist/events/budget/page.tsx","Artist","Events & bookings","low","keep","/artist/events/budget","Artist","Canonical surface retained pending normal definition-of-done verification."
"/artist/events/countdown","app/artist/events/countdown/page.tsx","Artist","Events & bookings","low","keep","/artist/events/countdown","Artist","Canonical surface retained pending normal definition-of-done verification."
"/artist/events/create","app/artist/events/create/page.tsx","Artist","Identity & onboarding","medium","keep","/artist/events/create","Artist","Canonical surface retained pending normal definition-of-done verification."
"/artist/events/operations","app/artist/events/operations/page.tsx","Artist","Events & bookings","medium","keep","/artist/events/operations","Artist","Canonical surface retained pending normal definition-of-done verification."
"/artist/events/resource-allocation","app/artist/events/resource-allocation/page.tsx","Artist","Events & bookings","low","keep","/artist/events/resource-allocation","Artist","Canonical surface retained pending normal definition-of-done verification."
"/artist/events/staff","app/artist/events/staff/page.tsx","Artist","Events & bookings","low","keep","/artist/events/staff","Artist","Canonical surface retained pending normal definition-of-done verification."
"/artist/events/tasks","app/artist/events/tasks/page.tsx","Artist","Events & bookings","low","keep","/artist/events/tasks","Artist","Canonical surface retained pending normal definition-of-done verification."
"/artist/events/ticket-sales","app/artist/events/ticket-sales/page.tsx","Artist","Events & bookings","low","keep","/artist/events/ticket-sales","Artist","Canonical surface retained pending normal definition-of-done verification."
"/artist/features","app/artist/features/page.tsx","Artist","Dashboard / platform","low","keep","/artist/features","Artist","Canonical surface retained pending normal definition-of-done verification."
"/artist/features/blog","app/artist/features/blog/page.tsx","Artist","Content & publishing","low","keep","/artist/features/blog","Artist","Canonical surface retained pending normal definition-of-done verification."
"/artist/features/blog/[id]","app/artist/features/blog/[id]/page.tsx","Artist","Content & publishing","low","keep","/artist/features/blog/[id]","Artist","Canonical surface retained pending normal definition-of-done verification."
"/artist/features/fan-engagement","app/artist/features/fan-engagement/page.tsx","Artist","Dashboard / platform","low","keep","/artist/features/fan-engagement","Artist","Canonical surface retained pending normal definition-of-done verification."
"/artist/features/jobs","app/artist/features/jobs/page.tsx","Artist","Workforce & jobs","medium","keep","/artist/features/jobs","Artist","Canonical surface retained pending normal definition-of-done verification."
"/artist/features/licensing","app/artist/features/licensing/page.tsx","Artist","Music & rights","medium","keep","/artist/features/licensing","Artist","Canonical surface retained pending normal definition-of-done verification."
"/artist/features/merchandise","app/artist/features/merchandise/page.tsx","Artist","Commerce & finance","medium","keep","/artist/features/merchandise","Artist","Canonical surface retained pending normal definition-of-done verification."
"/artist/features/music","app/artist/features/music/page.tsx","Artist","Music & rights","medium","keep","/artist/features/music","Artist","Canonical surface retained pending normal definition-of-done verification."
"/artist/features/payments","app/artist/features/payments/page.tsx","Artist","Dashboard / platform","low","keep","/artist/features/payments","Artist","Canonical surface retained pending normal definition-of-done verification."
"/artist/features/promotions","app/artist/features/promotions/page.tsx","Artist","Dashboard / platform","medium","keep","/artist/features/promotions","Artist","Canonical surface retained pending normal definition-of-done verification."
"/artist/features/subscriptions","app/artist/features/subscriptions/page.tsx","Artist","Dashboard / platform","medium","keep","/artist/features/subscriptions","Artist","Canonical surface retained pending normal definition-of-done verification."
"/artist/feed","app/artist/feed/page.tsx","Artist","Content & publishing","low","keep","/artist/feed","Artist","Canonical surface retained pending normal definition-of-done verification."
"/artist/jobs","app/artist/jobs/page.tsx","Artist","Workforce & jobs","low","keep","/artist/jobs","Artist","Canonical surface retained pending normal definition-of-done verification."
"/artist/jobs/[id]/apply","app/artist/jobs/[id]/apply/page.tsx","Artist","Workforce & jobs","low","keep","/artist/jobs/[id]/apply","Artist","Canonical surface retained pending normal definition-of-done verification."
"/artist/jobs/new","app/artist/jobs/new/page.tsx","Artist","Workforce & jobs","low","keep","/artist/jobs/new","Artist","Canonical surface retained pending normal definition-of-done verification."
"/artist/merchandise","app/artist/merchandise/page.tsx","Artist","Commerce & finance","low","keep","/artist/merchandise","Artist","Canonical surface retained pending normal definition-of-done verification."
"/artist/messages","app/artist/messages/page.tsx","Artist","Community & communications","low","keep","/artist/messages","Artist","Canonical surface retained pending normal definition-of-done verification."
"/artist/music","app/artist/music/page.tsx","Artist","Music & rights","medium","keep","/artist/music","Artist","Canonical surface retained pending normal definition-of-done verification."
"/artist/music/analytics","app/artist/music/analytics/page.tsx","Artist","Music & rights","low","keep","/artist/music/analytics","Artist","Canonical surface retained pending normal definition-of-done verification."
"/artist/music/catalog-capital","app/artist/music/catalog-capital/page.tsx","Artist","Music & rights","medium","keep","/artist/music/catalog-capital","Artist","Canonical surface retained pending normal definition-of-done verification."
"/artist/music/certification/[trackId]","app/artist/music/certification/[trackId]/page.tsx","Artist","Music & rights","low","keep","/artist/music/certification/[trackId]","Artist","Canonical surface retained pending normal definition-of-done verification."
"/artist/music/intelligence","app/artist/music/intelligence/page.tsx","Artist","Music & rights","medium","keep","/artist/music/intelligence","Artist","Canonical surface retained pending normal definition-of-done verification."
"/artist/music/licensing","app/artist/music/licensing/page.tsx","Artist","Music & rights","medium","keep","/artist/music/licensing","Artist","Canonical surface retained pending normal definition-of-done verification."
"/artist/music/marketplace","app/artist/music/marketplace/page.tsx","Artist","Commerce & finance","medium","keep","/artist/music/marketplace","Artist","Canonical surface retained pending normal definition-of-done verification."
"/artist/music/marketplace/portfolio","app/artist/music/marketplace/portfolio/page.tsx","Artist","Commerce & finance","medium","keep","/artist/music/marketplace/portfolio","Artist","Canonical surface retained pending normal definition-of-done verification."
"/artist/music/rights-admin","app/artist/music/rights-admin/page.tsx","Artist","Music & rights","medium","keep","/artist/music/rights-admin","Artist","Canonical surface retained pending normal definition-of-done verification."
"/artist/music/rights/[trackId]","app/artist/music/rights/[trackId]/page.tsx","Artist","Music & rights","medium","keep","/artist/music/rights/[trackId]","Artist","Canonical surface retained pending normal definition-of-done verification."
"/artist/music/royalties","app/artist/music/royalties/page.tsx","Artist","Music & rights","low","keep","/artist/music/royalties","Artist","Canonical surface retained pending normal definition-of-done verification."
"/artist/music/upload","app/artist/music/upload/page.tsx","Artist","Music & rights","low","keep","/artist/music/upload","Artist","Canonical surface retained pending normal definition-of-done verification."
"/artist/network","app/artist/network/page.tsx","Artist","Dashboard / platform","low","keep","/artist/network","Artist","Canonical surface retained pending normal definition-of-done verification."
"/artist/overview","app/artist/overview/page.tsx","Artist","Dashboard / platform","low","keep","/artist/overview","Artist","Canonical surface retained pending normal definition-of-done verification."
"/artist/press","app/artist/press/page.tsx","Artist","Content & publishing","medium","keep","/artist/press","Artist","Canonical surface retained pending normal definition-of-done verification."
"/artist/press/[id]","app/artist/press/[id]/page.tsx","Artist","Content & publishing","medium","keep","/artist/press/[id]","Artist","Canonical surface retained pending normal definition-of-done verification."
"/artist/press/releases/[id]","app/artist/press/releases/[id]/page.tsx","Artist","Content & publishing","low","keep","/artist/press/releases/[id]","Artist","Canonical surface retained pending normal definition-of-done verification."
"/artist/profile","app/artist/profile/page.tsx","Artist","Profiles & directory","medium","keep","/artist/profile","Artist","Canonical surface retained pending normal definition-of-done verification."
"/artist/settings","app/artist/settings/page.tsx","Artist","Settings, trust & support","low","keep","/artist/settings","Artist","Canonical surface retained pending normal definition-of-done verification."
"/artist/store","app/artist/store/page.tsx","Artist","Commerce & finance","low","keep","/artist/store","Artist","Canonical surface retained pending normal definition-of-done verification."
"/artist/tickets","app/artist/tickets/page.tsx","Artist","Commerce & finance","medium","keep","/artist/tickets","Artist","Canonical surface retained pending normal definition-of-done verification."
"/auth-demo","app/auth-demo/page.tsx","Public / Acquisition","Identity & onboarding","low","hide","","Engineering / internal tools","Debug, migration, setup, or test surface; never production navigation."
"/auth-test","app/auth-test/page.tsx","Public / Acquisition","Identity & onboarding","medium","hide","","Engineering / internal tools","Debug, migration, setup, or test surface; never production navigation."
"/auth/verification","app/auth/verification/page.tsx","Public / Acquisition","Identity & onboarding","medium","keep","/auth/verification","Public / Acquisition","Canonical surface retained pending normal definition-of-done verification."
"/blog/[slug]","app/blog/[slug]/page.tsx","Shared / Public","Content & publishing","medium","keep","/blog/[slug]","Shared / Public","Canonical surface retained pending normal definition-of-done verification."
"/blog/new","app/blog/new/page.tsx","Shared / Public","Content & publishing","medium","keep","/blog/new","Shared / Public","Canonical surface retained pending normal definition-of-done verification."
"/bookings","app/bookings/page.tsx","Shared / Public","Events & bookings","low","keep","/bookings","Shared / Public","Canonical surface retained pending normal definition-of-done verification."
"/business","app/business/page.tsx","Shared / Public","Dashboard / platform","high","keep","/business","Shared / Public","Canonical surface retained; audit remediation required before release acceptance."
"/business/customers","app/business/customers/page.tsx","Shared / Public","Dashboard / platform","high","keep","/business/customers","Shared / Public","Canonical surface retained; audit remediation required before release acceptance."
"/business/events","app/business/events/page.tsx","Shared / Public","Events & bookings","high","keep","/business/events","Shared / Public","Canonical surface retained; audit remediation required before release acceptance."
"/business/payments","app/business/payments/page.tsx","Shared / Public","Commerce & finance","high","keep","/business/payments","Shared / Public","Canonical surface retained; audit remediation required before release acceptance."
"/business/settings","app/business/settings/page.tsx","Shared / Public","Settings, trust & support","medium","keep","/business/settings","Shared / Public","Canonical surface retained pending normal definition-of-done verification."
"/business/tickets","app/business/tickets/page.tsx","Shared / Public","Commerce & finance","high","keep","/business/tickets","Shared / Public","Canonical surface retained; audit remediation required before release acceptance."
"/calendar","app/calendar/page.tsx","Shared / Public","Events & bookings","low","keep","/calendar","Shared / Public","Canonical surface retained pending normal definition-of-done verification."
"/collaboration","app/collaboration/page.tsx","Shared / Public","Community & communications","low","keep","/collaboration","Shared / Public","Canonical surface retained pending normal definition-of-done verification."
"/collaboration/discover","app/collaboration/discover/page.tsx","Shared / Public","Community & communications","low","keep","/collaboration/discover","Shared / Public","Canonical surface retained pending normal definition-of-done verification."
"/collaboration/projects","app/collaboration/projects/page.tsx","Shared / Public","Community & communications","low","keep","/collaboration/projects","Shared / Public","Canonical surface retained pending normal definition-of-done verification."
"/collaboration/projects/[id]","app/collaboration/projects/[id]/page.tsx","Shared / Public","Community & communications","low","keep","/collaboration/projects/[id]","Shared / Public","Canonical surface retained pending normal definition-of-done verification."
"/collaboration/projects/new","app/collaboration/projects/new/page.tsx","Shared / Public","Community & communications","low","keep","/collaboration/projects/new","Shared / Public","Canonical surface retained pending normal definition-of-done verification."
"/community","app/community/page.tsx","Shared / Public","Community & communications","low","keep","/community","Shared / Public","Canonical surface retained pending normal definition-of-done verification."
"/connect","app/connect/page.tsx","Shared / Public","Community & communications","medium","keep","/connect","Shared / Public","Canonical surface retained pending normal definition-of-done verification."
"/connect/claim","app/connect/claim/page.tsx","Shared / Public","Community & communications","medium","keep","/connect/claim","Shared / Public","Canonical surface retained pending normal definition-of-done verification."
"/contracts","app/contracts/page.tsx","Shared / Public","Dashboard / platform","low","keep","/contracts","Shared / Public","Canonical surface retained pending normal definition-of-done verification."
"/contracts/[id]","app/contracts/[id]/page.tsx","Shared / Public","Dashboard / platform","low","keep","/contracts/[id]","Shared / Public","Canonical surface retained pending normal definition-of-done verification."
"/contracts/list","app/contracts/list/page.tsx","Shared / Public","Dashboard / platform","low","keep","/contracts/list","Shared / Public","Canonical surface retained pending normal definition-of-done verification."
"/cooperative","app/cooperative/page.tsx","Shared / Public","Music & rights","medium","keep","/cooperative","Shared / Public","Canonical surface retained pending normal definition-of-done verification."
"/create","app/create/page.tsx","Public / Acquisition","Identity & onboarding","medium","keep","/create","Public / Acquisition","Canonical surface retained pending normal definition-of-done verification."
"/creator-commons","app/creator-commons/page.tsx","Shared / Public","Dashboard / platform","medium","keep","/creator-commons","Shared / Public","Canonical surface retained pending normal definition-of-done verification."
"/dashboard","app/dashboard/page.tsx","General / Work Mode","Dashboard / platform","low","keep","/dashboard","General / Work Mode","Canonical surface retained pending normal definition-of-done verification."
"/dashboard/bookings","app/dashboard/bookings/page.tsx","General / Work Mode","Events & bookings","low","keep","/dashboard/bookings","General / Work Mode","Canonical surface retained pending normal definition-of-done verification."
"/dashboard/staff-ops","app/dashboard/staff-ops/page.tsx","General / Work Mode","Workforce & jobs","low","keep","/dashboard/staff-ops","General / Work Mode","Canonical surface retained pending normal definition-of-done verification."
"/dashboard/store","app/dashboard/store/page.tsx","General / Work Mode","Commerce & finance","low","keep","/dashboard/store","General / Work Mode","Canonical surface retained pending normal definition-of-done verification."
"/debug/auth-test","app/debug/auth-test/page.tsx","Shared / Public","Identity & onboarding","medium","hide","","Engineering / internal tools","Debug, migration, setup, or test surface; never production navigation."
"/debug/client-auth","app/debug/client-auth/page.tsx","Shared / Public","Identity & onboarding","medium","hide","","Engineering / internal tools","Debug, migration, setup, or test surface; never production navigation."
"/debug/cookies","app/debug/cookies/page.tsx","Shared / Public","Dashboard / platform","medium","hide","","Engineering / internal tools","Debug, migration, setup, or test surface; never production navigation."
"/debug/likes-comments-test","app/debug/likes-comments-test/page.tsx","Shared / Public","Dashboard / platform","low","hide","","Engineering / internal tools","Debug, migration, setup, or test surface; never production navigation."
"/debug/nextjs15","app/debug/nextjs15/page.tsx","Shared / Public","Dashboard / platform","medium","hide","","Engineering / internal tools","Debug, migration, setup, or test surface; never production navigation."
"/debug/profile-check","app/debug/profile-check/page.tsx","Shared / Public","Profiles & directory","medium","hide","","Engineering / internal tools","Debug, migration, setup, or test surface; never production navigation."
"/debug/session","app/debug/session/page.tsx","Shared / Public","Dashboard / platform","medium","hide","","Engineering / internal tools","Debug, migration, setup, or test surface; never production navigation."
"/debug/social-test","app/debug/social-test/page.tsx","Shared / Public","Dashboard / platform","medium","hide","","Engineering / internal tools","Debug, migration, setup, or test surface; never production navigation."
"/debug/suggested-users","app/debug/suggested-users/page.tsx","Shared / Public","Dashboard / platform","medium","hide","","Engineering / internal tools","Debug, migration, setup, or test surface; never production navigation."
"/debug/suggested-users-test","app/debug/suggested-users-test/page.tsx","Shared / Public","Dashboard / platform","low","hide","","Engineering / internal tools","Debug, migration, setup, or test surface; never production navigation."
"/debug/test-artist-api","app/debug/test-artist-api/page.tsx","Shared / Public","Dashboard / platform","medium","hide","","Engineering / internal tools","Debug, migration, setup, or test surface; never production navigation."
"/discover","app/discover/page.tsx","Shared / Public","Discovery & insights","low","keep","/discover","Shared / Public","Canonical surface retained pending normal definition-of-done verification."
"/discover/events","app/discover/events/page.tsx","Shared / Public","Events & bookings","low","keep","/discover/events","Shared / Public","Canonical surface retained pending normal definition-of-done verification."
"/discover/users","app/discover/users/page.tsx","Shared / Public","Discovery & insights","high","keep","/discover/users","Shared / Public","Canonical surface retained; audit remediation required before release acceptance."
"/documents","app/documents/page.tsx","Shared / Public","Dashboard / platform","low","keep","/documents","Shared / Public","Canonical surface retained pending normal definition-of-done verification."
"/epk/[slug]","app/epk/[slug]/page.tsx","Shared / Public","Music & rights","low","keep","/epk/[slug]","Shared / Public","Canonical surface retained pending normal definition-of-done verification."
"/events","app/events/page.tsx","Shared / Public","Events & bookings","low","keep","/events","Shared / Public","Canonical surface retained pending normal definition-of-done verification."
"/events/[slug]","app/events/[slug]/page.tsx","Shared / Public","Events & bookings","low","keep","/events/[slug]","Shared / Public","Canonical surface retained pending normal definition-of-done verification."
"/events/[slug]/hq","app/events/[slug]/hq/page.tsx","Shared / Public","Events & bookings","low","keep","/events/[slug]/hq","Shared / Public","Canonical surface retained pending normal definition-of-done verification."
"/events/create","app/events/create/page.tsx","Shared / Public","Identity & onboarding","medium","keep","/events/create","Shared / Public","Canonical surface retained pending normal definition-of-done verification."
"/faq","app/faq/page.tsx","Shared / Public","Settings, trust & support","low","keep","/faq","Shared / Public","Canonical surface retained pending normal definition-of-done verification."
"/federation","app/federation/page.tsx","Shared / Public","Music & rights","medium","keep","/federation","Shared / Public","Canonical surface retained pending normal definition-of-done verification."
"/feed","app/feed/page.tsx","Shared / Public","Content & publishing","low","keep","/feed","Shared / Public","Canonical surface retained pending normal definition-of-done verification."
"/forgot-password","app/forgot-password/page.tsx","Public / Acquisition","Identity & onboarding","low","keep","/forgot-password","Public / Acquisition","Canonical surface retained pending normal definition-of-done verification."
"/forums","app/forums/page.tsx","Shared / Public","Content & publishing","low","keep","/forums","Shared / Public","Canonical surface retained pending normal definition-of-done verification."
"/forums/[slug]","app/forums/[slug]/page.tsx","Shared / Public","Content & publishing","low","keep","/forums/[slug]","Shared / Public","Canonical surface retained pending normal definition-of-done verification."
"/forums/[slug]/thread/[id]","app/forums/[slug]/thread/[id]/page.tsx","Shared / Public","Content & publishing","low","keep","/forums/[slug]/thread/[id]","Shared / Public","Canonical surface retained pending normal definition-of-done verification."
"/forums/all","app/forums/all/page.tsx","Shared / Public","Content & publishing","low","keep","/forums/all","Shared / Public","Canonical surface retained pending normal definition-of-done verification."
"/forums/create","app/forums/create/page.tsx","Shared / Public","Identity & onboarding","medium","keep","/forums/create","Shared / Public","Canonical surface retained pending normal definition-of-done verification."
"/forums/new","app/forums/new/page.tsx","Shared / Public","Content & publishing","medium","keep","/forums/new","Shared / Public","Canonical surface retained pending normal definition-of-done verification."
"/friends/search","app/friends/search/page.tsx","General / Work Mode","Community & communications","medium","keep","/friends/search","General / Work Mode","Canonical surface retained pending normal definition-of-done verification."
"/groups/[id]","app/groups/[id]/page.tsx","Shared / Public","Community & communications","low","keep","/groups/[id]","Shared / Public","Canonical surface retained pending normal definition-of-done verification."
"/institutional","app/institutional/page.tsx","Shared / Public","Music & rights","medium","keep","/institutional","Shared / Public","Canonical surface retained pending normal definition-of-done verification."
"/institutional/opportunities","app/institutional/opportunities/page.tsx","Shared / Public","Music & rights","medium","keep","/institutional/opportunities","Shared / Public","Canonical surface retained pending normal definition-of-done verification."
"/interop-convention","app/interop-convention/page.tsx","Shared / Public","Music & rights","medium","keep","/interop-convention","Shared / Public","Canonical surface retained pending normal definition-of-done verification."
"/interop-institution","app/interop-institution/page.tsx","Shared / Public","Music & rights","medium","keep","/interop-institution","Shared / Public","Canonical surface retained pending normal definition-of-done verification."
"/interop-organization","app/interop-organization/page.tsx","Shared / Public","Music & rights","medium","keep","/interop-organization","Shared / Public","Canonical surface retained pending normal definition-of-done verification."
"/jobs","app/jobs/page.tsx","General / Work Mode","Workforce & jobs","medium","keep","/jobs","General / Work Mode","Canonical surface retained pending normal definition-of-done verification."
"/jobs/[id]","app/jobs/[id]/page.tsx","General / Work Mode","Workforce & jobs","medium","keep","/jobs/[id]","General / Work Mode","Canonical surface retained pending normal definition-of-done verification."
"/jobs/my-applications","app/jobs/my-applications/page.tsx","General / Work Mode","Workforce & jobs","medium","keep","/jobs/my-applications","General / Work Mode","Canonical surface retained pending normal definition-of-done verification."
"/legal/music-training-reservation","app/legal/music-training-reservation/page.tsx","Shared / Public","Music & rights","low","keep","/legal/music-training-reservation","Shared / Public","Canonical surface retained pending normal definition-of-done verification."
"/legal/ticket-buyer-terms","app/legal/ticket-buyer-terms/page.tsx","Shared / Public","Commerce & finance","low","keep","/legal/ticket-buyer-terms","Shared / Public","Canonical surface retained pending normal definition-of-done verification."
"/legal/workforce-terms","app/legal/workforce-terms/page.tsx","Shared / Public","Settings, trust & support","low","keep","/legal/workforce-terms","Shared / Public","Canonical surface retained pending normal definition-of-done verification."
"/licensing","app/licensing/page.tsx","Shared / Public","Music & rights","medium","keep","/licensing","Shared / Public","Canonical surface retained pending normal definition-of-done verification."
"/licensing/projects/[id]","app/licensing/projects/[id]/page.tsx","Shared / Public","Music & rights","medium","keep","/licensing/projects/[id]","Shared / Public","Canonical surface retained pending normal definition-of-done verification."
"/login","app/login/page.tsx","Public / Acquisition","Identity & onboarding","medium","keep","/login","Public / Acquisition","Canonical surface retained pending normal definition-of-done verification."
"/marketplace","app/marketplace/page.tsx","Shared / Public","Commerce & finance","low","keep","/marketplace","Shared / Public","Canonical surface retained pending normal definition-of-done verification."
"/marketplace/listings/[id]","app/marketplace/listings/[id]/page.tsx","Shared / Public","Commerce & finance","low","keep","/marketplace/listings/[id]","Shared / Public","Canonical surface retained pending normal definition-of-done verification."
"/marketplace/purchases","app/marketplace/purchases/page.tsx","Shared / Public","Commerce & finance","medium","keep","/marketplace/purchases","Shared / Public","Canonical surface retained pending normal definition-of-done verification."
"/marketplace/seller-agreement","app/marketplace/seller-agreement/page.tsx","Shared / Public","Commerce & finance","low","keep","/marketplace/seller-agreement","Shared / Public","Canonical surface retained pending normal definition-of-done verification."
"/merch","app/merch/page.tsx","Shared / Public","Commerce & finance","low","keep","/merch","Shared / Public","Canonical surface retained pending normal definition-of-done verification."
"/messages","app/messages/page.tsx","Shared / Public","Community & communications","low","keep","/messages","Shared / Public","Canonical surface retained pending normal definition-of-done verification."
"/migrations","app/migrations/page.tsx","Shared / Public","Dashboard / platform","medium","hide","","Engineering / internal tools","Debug, migration, setup, or test surface; never production navigation."
"/migrations/sql","app/migrations/sql/page.tsx","Shared / Public","Dashboard / platform","medium","hide","","Engineering / internal tools","Debug, migration, setup, or test surface; never production navigation."
"/music","app/music/page.tsx","Shared / Public","Music & rights","low","keep","/music","Shared / Public","Canonical surface retained pending normal definition-of-done verification."
"/music/verify/certificate/[publicId]","app/music/verify/certificate/[publicId]/page.tsx","Shared / Public","Music & rights","low","keep","/music/verify/certificate/[publicId]","Shared / Public","Canonical surface retained pending normal definition-of-done verification."
"/music/verify/origin/[publicId]","app/music/verify/origin/[publicId]/page.tsx","Shared / Public","Music & rights","low","keep","/music/verify/origin/[publicId]","Shared / Public","Canonical surface retained pending normal definition-of-done verification."
"/music/verify/passport/[publicId]","app/music/verify/passport/[publicId]/page.tsx","Shared / Public","Music & rights","low","keep","/music/verify/passport/[publicId]","Shared / Public","Canonical surface retained pending normal definition-of-done verification."
"/news","app/news/page.tsx","Shared / Public","Content & publishing","low","keep","/news","Shared / Public","Canonical surface retained pending normal definition-of-done verification."
"/notifications","app/notifications/page.tsx","Shared / Public","Community & communications","low","keep","/notifications","Shared / Public","Canonical surface retained pending normal definition-of-done verification."
"/onboarding","app/onboarding/page.tsx","Public / Acquisition","Identity & onboarding","high","keep","/onboarding","Public / Acquisition","Canonical surface retained; audit remediation required before release acceptance."
"/onboarding/[token]","app/onboarding/[token]/page.tsx","Public / Acquisition","Identity & onboarding","low","keep","/onboarding/[token]","Public / Acquisition","Canonical surface retained pending normal definition-of-done verification."
"/onboarding/complete","app/onboarding/complete/page.tsx","Public / Acquisition","Identity & onboarding","low","keep","/onboarding/complete","Public / Acquisition","Canonical surface retained pending normal definition-of-done verification."
"/onboarding/enhanced-onboarding-flow","app/onboarding/enhanced-onboarding-flow/page.tsx","Public / Acquisition","Identity & onboarding","medium","keep","/onboarding/enhanced-onboarding-flow","Public / Acquisition","Canonical surface retained pending normal definition-of-done verification."
"/onboarding/hire/[token]","app/onboarding/hire/[token]/page.tsx","Public / Acquisition","Identity & onboarding","low","keep","/onboarding/hire/[token]","Public / Acquisition","Canonical surface retained pending normal definition-of-done verification."
"/organization/[slug]","app/organization/[slug]/page.tsx","Shared / Public","Profiles & directory","low","keep","/organization/[slug]","Shared / Public","Canonical surface retained pending normal definition-of-done verification."
"/orgs/create","app/orgs/create/page.tsx","Shared / Public","Identity & onboarding","low","keep","/orgs/create","Shared / Public","Canonical surface retained pending normal definition-of-done verification."
"/orgs/invite/accept","app/orgs/invite/accept/page.tsx","Shared / Public","Dashboard / platform","medium","keep","/orgs/invite/accept","Shared / Public","Canonical surface retained pending normal definition-of-done verification."
"/posts/[id]","app/posts/[id]/page.tsx","Shared / Public","Content & publishing","medium","keep","/posts/[id]","Shared / Public","Canonical surface retained pending normal definition-of-done verification."
"/privacy","app/privacy/page.tsx","Shared / Public","Settings, trust & support","low","keep","/privacy","Shared / Public","Canonical surface retained pending normal definition-of-done verification."
"/profile","app/profile/page.tsx","General / Work Mode","Profiles & directory","low","redirect","/settings/profile","General / Work Mode","Canonical IA or current canonical-route ledger."
"/profile/[username]","app/profile/[username]/page.tsx","General / Work Mode","Profiles & directory","medium","keep","/profile/[username]","General / Work Mode","Canonical surface retained pending normal definition-of-done verification."
"/projects","app/projects/page.tsx","Shared / Public","Dashboard / platform","low","keep","/projects","Shared / Public","Canonical surface retained pending normal definition-of-done verification."
"/projects/[id]","app/projects/[id]/page.tsx","Shared / Public","Dashboard / platform","low","keep","/projects/[id]","Shared / Public","Canonical surface retained pending normal definition-of-done verification."
"/projects/[id]/settings","app/projects/[id]/settings/page.tsx","Shared / Public","Settings, trust & support","low","keep","/projects/[id]/settings","Shared / Public","Canonical surface retained pending normal definition-of-done verification."
"/projects/new","app/projects/new/page.tsx","Shared / Public","Dashboard / platform","low","keep","/projects/new","Shared / Public","Canonical surface retained pending normal definition-of-done verification."
"/protocol-constitution","app/protocol-constitution/page.tsx","Shared / Public","Music & rights","medium","keep","/protocol-constitution","Shared / Public","Canonical surface retained pending normal definition-of-done verification."
"/public-infrastructure","app/public-infrastructure/page.tsx","Shared / Public","Dashboard / platform","medium","keep","/public-infrastructure","Shared / Public","Canonical surface retained pending normal definition-of-done verification."
"/pulse","app/pulse/page.tsx","Shared / Public","Content & publishing","low","keep","/pulse","Shared / Public","Canonical surface retained pending normal definition-of-done verification."
"/reset-password","app/reset-password/page.tsx","Public / Acquisition","Identity & onboarding","low","keep","/reset-password","Public / Acquisition","Canonical surface retained pending normal definition-of-done verification."
"/rights-admin","app/rights-admin/page.tsx","Shared / Public","Music & rights","medium","keep","/rights-admin","Shared / Public","Canonical surface retained pending normal definition-of-done verification."
"/rights-intelligence","app/rights-intelligence/page.tsx","Shared / Public","Music & rights","medium","keep","/rights-intelligence","Shared / Public","Canonical surface retained pending normal definition-of-done verification."
"/search","app/search/page.tsx","Shared / Public","Discovery & insights","medium","keep","/search","Shared / Public","Canonical surface retained pending normal definition-of-done verification."
"/settings","app/settings/page.tsx","Shared / Public","Settings, trust & support","low","keep","/settings","Shared / Public","Canonical surface retained pending normal definition-of-done verification."
"/settings/billing","app/settings/billing/page.tsx","Shared / Public","Settings, trust & support","low","keep","/settings/billing","Shared / Public","Canonical surface retained pending normal definition-of-done verification."
"/settings/integrations","app/settings/integrations/page.tsx","Shared / Public","Settings, trust & support","low","keep","/settings/integrations","Shared / Public","Canonical surface retained pending normal definition-of-done verification."
"/settings/notifications","app/settings/notifications/page.tsx","Shared / Public","Community & communications","low","keep","/settings/notifications","Shared / Public","Canonical surface retained pending normal definition-of-done verification."
"/settings/profile","app/settings/profile/page.tsx","Shared / Public","Profiles & directory","low","keep","/settings/profile","Shared / Public","Canonical surface retained pending normal definition-of-done verification."
"/settings/profile-colors","app/settings/profile-colors/page.tsx","Shared / Public","Profiles & directory","medium","keep","/settings/profile-colors","Shared / Public","Canonical surface retained pending normal definition-of-done verification."
"/settings/security","app/settings/security/page.tsx","Shared / Public","Settings, trust & support","low","keep","/settings/security","Shared / Public","Canonical surface retained pending normal definition-of-done verification."
"/setup","app/setup/page.tsx","Shared / Public","Settings, trust & support","medium","keep","/setup","Shared / Public","Canonical surface retained pending normal definition-of-done verification."
"/signup","app/signup/page.tsx","Public / Acquisition","Identity & onboarding","low","keep","/signup","Public / Acquisition","Canonical surface retained pending normal definition-of-done verification."
"/site-maps/shared/[token]","app/site-maps/shared/[token]/page.tsx","Shared / Public","Logistics & production","medium","keep","/site-maps/shared/[token]","Shared / Public","Canonical surface retained pending normal definition-of-done verification."
"/team","app/team/page.tsx","Shared / Public","Workforce & jobs","low","keep","/team","Shared / Public","Canonical surface retained pending normal definition-of-done verification."
"/terms","app/terms/page.tsx","Shared / Public","Settings, trust & support","low","keep","/terms","Shared / Public","Canonical surface retained pending normal definition-of-done verification."
"/test-friend-suggestions","app/test-friend-suggestions/page.tsx","Shared / Public","Community & communications","low","hide","","Engineering / internal tools","Debug, migration, setup, or test surface; never production navigation."
"/tickets","app/tickets/page.tsx","Shared / Public","Commerce & finance","low","keep","/tickets","Shared / Public","Canonical surface retained pending normal definition-of-done verification."
"/tickets/cancel","app/tickets/cancel/page.tsx","Shared / Public","Commerce & finance","medium","keep","/tickets/cancel","Shared / Public","Canonical surface retained pending normal definition-of-done verification."
"/tickets/confirmation","app/tickets/confirmation/page.tsx","Shared / Public","Commerce & finance","low","keep","/tickets/confirmation","Shared / Public","Canonical surface retained pending normal definition-of-done verification."
"/tickets/my-tickets","app/tickets/my-tickets/page.tsx","Shared / Public","Commerce & finance","medium","keep","/tickets/my-tickets","Shared / Public","Canonical surface retained pending normal definition-of-done verification."
"/tickets/purchase","app/tickets/purchase/page.tsx","Shared / Public","Commerce & finance","medium","keep","/tickets/purchase","Shared / Public","Canonical surface retained pending normal definition-of-done verification."
"/tickets/success","app/tickets/success/page.tsx","Shared / Public","Commerce & finance","low","keep","/tickets/success","Shared / Public","Canonical surface retained pending normal definition-of-done verification."
"/tours/[slug]","app/tours/[slug]/page.tsx","Shared / Public","Tours & advancing","low","keep","/tours/[slug]","Shared / Public","Canonical surface retained pending normal definition-of-done verification."
"/treaty-operations","app/treaty-operations/page.tsx","Shared / Public","Music & rights","medium","keep","/treaty-operations","Shared / Public","Canonical surface retained pending normal definition-of-done verification."
"/venue","app/venue/page.tsx","Venue","Dashboard / platform","low","redirect","/venue/dashboard","Venue","Canonical IA or current canonical-route ledger."
"/venue/[username]","app/venue/[username]/page.tsx","Venue","Profiles & directory","low","keep","/venue/[username]","Venue","Canonical surface retained pending normal definition-of-done verification."
"/venue/analytics","app/venue/analytics/page.tsx","Venue","Discovery & insights","medium","keep","/venue/analytics","Venue","Canonical surface retained pending normal definition-of-done verification."
"/venue/assets","app/venue/assets/page.tsx","Venue","Dashboard / platform","low","redirect","/venue/equipment","Venue","Canonical IA or current canonical-route ledger."
"/venue/bookings","app/venue/bookings/page.tsx","Venue","Events & bookings","medium","keep","/venue/bookings","Venue","Canonical surface retained pending normal definition-of-done verification."
"/venue/dashboard","app/venue/dashboard/page.tsx","Venue","Dashboard / platform","low","keep","/venue/dashboard","Venue","Canonical surface retained pending normal definition-of-done verification."
"/venue/dashboard/analytics","app/venue/dashboard/analytics/page.tsx","Venue","Discovery & insights","low","redirect","/venue/analytics","Venue","Canonical IA or current canonical-route ledger."
"/venue/dashboard/calendar","app/venue/dashboard/calendar/page.tsx","Venue","Events & bookings","low","keep","/venue/dashboard/calendar","Venue","Canonical surface retained pending normal definition-of-done verification."
"/venue/dashboard/dashboard","app/venue/dashboard/dashboard/page.tsx","Venue","Dashboard / platform","low","keep","/venue/dashboard/dashboard","Venue","Canonical surface retained pending normal definition-of-done verification."
"/venue/dashboard/dashboard/settings","app/venue/dashboard/dashboard/settings/page.tsx","Venue","Settings, trust & support","low","keep","/venue/dashboard/dashboard/settings","Venue","Canonical surface retained pending normal definition-of-done verification."
"/venue/dashboard/documents","app/venue/dashboard/documents/page.tsx","Venue","Dashboard / platform","low","redirect","/venue/documents","Venue","Canonical IA or current canonical-route ledger."
"/venue/dashboard/epk","app/venue/dashboard/epk/page.tsx","Venue","Music & rights","low","keep","/venue/dashboard/epk","Venue","Canonical surface retained pending normal definition-of-done verification."
"/venue/dashboard/equipment","app/venue/dashboard/equipment/page.tsx","Venue","Dashboard / platform","low","redirect","/venue/equipment","Venue","Canonical IA or current canonical-route ledger."
"/venue/dashboard/events","app/venue/dashboard/events/page.tsx","Venue","Events & bookings","low","redirect","/venue/events","Venue","Canonical IA or current canonical-route ledger."
"/venue/dashboard/events/map","app/venue/dashboard/events/map/page.tsx","Venue","Events & bookings","low","redirect","/venue/events","Venue","Canonical IA or current canonical-route ledger."
"/venue/dashboard/explore","app/venue/dashboard/explore/page.tsx","Venue","Dashboard / platform","low","keep","/venue/dashboard/explore","Venue","Canonical surface retained pending normal definition-of-done verification."
"/venue/dashboard/features","app/venue/dashboard/features/page.tsx","Venue","Dashboard / platform","low","keep","/venue/dashboard/features","Venue","Canonical surface retained pending normal definition-of-done verification."
"/venue/dashboard/feed","app/venue/dashboard/feed/page.tsx","Venue","Content & publishing","low","keep","/venue/dashboard/feed","Venue","Canonical surface retained pending normal definition-of-done verification."
"/venue/dashboard/gallery","app/venue/dashboard/gallery/page.tsx","Venue","Dashboard / platform","low","keep","/venue/dashboard/gallery","Venue","Canonical surface retained pending normal definition-of-done verification."
"/venue/dashboard/groups","app/venue/dashboard/groups/page.tsx","Venue","Community & communications","low","keep","/venue/dashboard/groups","Venue","Canonical surface retained pending normal definition-of-done verification."
"/venue/dashboard/hiring-kanban","app/venue/dashboard/hiring-kanban/page.tsx","Venue","Workforce & jobs","low","keep","/venue/dashboard/hiring-kanban","Venue","Canonical surface retained pending normal definition-of-done verification."
"/venue/dashboard/integrations","app/venue/dashboard/integrations/page.tsx","Venue","Dashboard / platform","high","keep","/venue/dashboard/integrations","Venue","Canonical surface retained; audit remediation required before release acceptance."
"/venue/dashboard/jobs","app/venue/dashboard/jobs/page.tsx","Venue","Workforce & jobs","medium","keep","/venue/dashboard/jobs","Venue","Canonical surface retained pending normal definition-of-done verification."
"/venue/dashboard/moderation","app/venue/dashboard/moderation/page.tsx","Venue","Dashboard / platform","low","keep","/venue/dashboard/moderation","Venue","Canonical surface retained pending normal definition-of-done verification."
"/venue/dashboard/music","app/venue/dashboard/music/page.tsx","Venue","Music & rights","low","keep","/venue/dashboard/music","Venue","Canonical surface retained pending normal definition-of-done verification."
"/venue/dashboard/network","app/venue/dashboard/network/page.tsx","Venue","Dashboard / platform","low","keep","/venue/dashboard/network","Venue","Canonical surface retained pending normal definition-of-done verification."
"/venue/dashboard/network-feed","app/venue/dashboard/network-feed/page.tsx","Venue","Content & publishing","low","keep","/venue/dashboard/network-feed","Venue","Canonical surface retained pending normal definition-of-done verification."
"/venue/dashboard/onboarding","app/venue/dashboard/onboarding/page.tsx","Venue","Identity & onboarding","high","keep","/venue/dashboard/onboarding","Venue","Canonical surface retained; audit remediation required before release acceptance."
"/venue/dashboard/posts/[id]","app/venue/dashboard/posts/[id]/page.tsx","Venue","Content & publishing","low","keep","/venue/dashboard/posts/[id]","Venue","Canonical surface retained pending normal definition-of-done verification."
"/venue/dashboard/profile/[username]","app/venue/dashboard/profile/[username]/page.tsx","Venue","Profiles & directory","critical","keep","/venue/dashboard/profile/[username]","Venue","Canonical surface retained; audit remediation required before release acceptance."
"/venue/dashboard/profile/[username]/posts","app/venue/dashboard/profile/[username]/posts/page.tsx","Venue","Content & publishing","high","keep","/venue/dashboard/profile/[username]/posts","Venue","Canonical surface retained; audit remediation required before release acceptance."
"/venue/dashboard/promotions","app/venue/dashboard/promotions/page.tsx","Venue","Dashboard / platform","low","keep","/venue/dashboard/promotions","Venue","Canonical surface retained pending normal definition-of-done verification."
"/venue/dashboard/settings","app/venue/dashboard/settings/page.tsx","Venue","Settings, trust & support","low","redirect","/venue/settings","Venue","Canonical IA or current canonical-route ledger."
"/venue/dashboard/site-maps","app/venue/dashboard/site-maps/page.tsx","Venue","Logistics & production","medium","keep","/venue/dashboard/site-maps","Venue","Canonical surface retained pending normal definition-of-done verification."
"/venue/dashboard/social","app/venue/dashboard/social/page.tsx","Venue","Dashboard / platform","low","keep","/venue/dashboard/social","Venue","Canonical surface retained pending normal definition-of-done verification."
"/venue/dashboard/social/hashtag/[tag]","app/venue/dashboard/social/hashtag/[tag]/page.tsx","Venue","Dashboard / platform","low","keep","/venue/dashboard/social/hashtag/[tag]","Venue","Canonical surface retained pending normal definition-of-done verification."
"/venue/dashboard/store","app/venue/dashboard/store/page.tsx","Venue","Commerce & finance","low","keep","/venue/dashboard/store","Venue","Canonical surface retained pending normal definition-of-done verification."
"/venue/dashboard/teams","app/venue/dashboard/teams/page.tsx","Venue","Workforce & jobs","medium","redirect","/venue/staff","Venue","Canonical IA or current canonical-route ledger."
"/venue/dashboard/teams/crew-profiles","app/venue/dashboard/teams/crew-profiles/page.tsx","Venue","Workforce & jobs","low","keep","/venue/dashboard/teams/crew-profiles","Venue","Canonical surface retained pending normal definition-of-done verification."
"/venue/dashboard/tickets","app/venue/dashboard/tickets/page.tsx","Venue","Commerce & finance","low","keep","/venue/dashboard/tickets","Venue","Canonical surface retained pending normal definition-of-done verification."
"/venue/dashboard/venues","app/venue/dashboard/venues/page.tsx","Venue","Dashboard / platform","low","keep","/venue/dashboard/venues","Venue","Canonical surface retained pending normal definition-of-done verification."
"/venue/dashboard/venues/[id]","app/venue/dashboard/venues/[id]/page.tsx","Venue","Profiles & directory","medium","keep","/venue/dashboard/venues/[id]","Venue","Canonical surface retained pending normal definition-of-done verification."
"/venue/dashboard/venues/[id]/booking-request","app/venue/dashboard/venues/[id]/booking-request/page.tsx","Venue","Events & bookings","low","keep","/venue/dashboard/venues/[id]/booking-request","Venue","Canonical surface retained pending normal definition-of-done verification."
"/venue/dashboard/venues/[id]/edit","app/venue/dashboard/venues/[id]/edit/page.tsx","Venue","Profiles & directory","medium","keep","/venue/dashboard/venues/[id]/edit","Venue","Canonical surface retained pending normal definition-of-done verification."
"/venue/dashboard/venues/create","app/venue/dashboard/venues/create/page.tsx","Venue","Identity & onboarding","medium","keep","/venue/dashboard/venues/create","Venue","Canonical surface retained pending normal definition-of-done verification."
"/venue/documents","app/venue/documents/page.tsx","Venue","Dashboard / platform","medium","keep","/venue/documents","Venue","Canonical surface retained pending normal definition-of-done verification."
"/venue/edit","app/venue/edit/page.tsx","Venue","Dashboard / platform","low","keep","/venue/edit","Venue","Canonical surface retained pending normal definition-of-done verification."
"/venue/equipment","app/venue/equipment/page.tsx","Venue","Dashboard / platform","medium","keep","/venue/equipment","Venue","Canonical surface retained pending normal definition-of-done verification."
"/venue/events","app/venue/events/page.tsx","Venue","Events & bookings","low","keep","/venue/events","Venue","Canonical surface retained pending normal definition-of-done verification."
"/venue/events/[id]","app/venue/events/[id]/page.tsx","Venue","Events & bookings","low","keep","/venue/events/[id]","Venue","Canonical surface retained pending normal definition-of-done verification."
"/venue/events/[id]/check-in","app/venue/events/[id]/check-in/page.tsx","Venue","Events & bookings","low","keep","/venue/events/[id]/check-in","Venue","Canonical surface retained pending normal definition-of-done verification."
"/venue/finances","app/venue/finances/page.tsx","Venue","Commerce & finance","medium","keep","/venue/finances","Venue","Canonical surface retained pending normal definition-of-done verification."
"/venue/manage-event/[id]","app/venue/manage-event/[id]/page.tsx","Venue","Events & bookings","low","keep","/venue/manage-event/[id]","Venue","Canonical surface retained pending normal definition-of-done verification."
"/venue/messages","app/venue/messages/page.tsx","Venue","Community & communications","low","keep","/venue/messages","Venue","Canonical surface retained pending normal definition-of-done verification."
"/venue/overview","app/venue/overview/page.tsx","Venue","Dashboard / platform","medium","keep","/venue/overview","Venue","Canonical surface retained pending normal definition-of-done verification."
"/venue/profile/content","app/venue/profile/content/page.tsx","Venue","Content & publishing","low","keep","/venue/profile/content","Venue","Canonical surface retained pending normal definition-of-done verification."
"/venue/profile/professions","app/venue/profile/professions/page.tsx","Venue","Profiles & directory","low","keep","/venue/profile/professions","Venue","Canonical surface retained pending normal definition-of-done verification."
"/venue/settings","app/venue/settings/page.tsx","Venue","Settings, trust & support","low","keep","/venue/settings","Venue","Canonical surface retained pending normal definition-of-done verification."
"/venue/site-maps","app/venue/site-maps/page.tsx","Venue","Logistics & production","low","redirect","/venue/dashboard/site-maps","Venue","Canonical IA or current canonical-route ledger."
"/venue/staff","app/venue/staff/page.tsx","Venue","Workforce & jobs","low","keep","/venue/staff","Venue","Canonical surface retained pending normal definition-of-done verification."
"/venue/staff/enhanced-staff-management","app/venue/staff/enhanced-staff-management/page.tsx","Venue","Workforce & jobs","medium","keep","/venue/staff/enhanced-staff-management","Venue","Canonical surface retained pending normal definition-of-done verification."
"/venue/staff/roles-permissions","app/venue/staff/roles-permissions/page.tsx","Venue","Workforce & jobs","low","keep","/venue/staff/roles-permissions","Venue","Canonical surface retained pending normal definition-of-done verification."
"/venue/staff/scheduling","app/venue/staff/scheduling/page.tsx","Venue","Workforce & jobs","low","keep","/venue/staff/scheduling","Venue","Canonical surface retained pending normal definition-of-done verification."
"/venue/tickets","app/venue/tickets/page.tsx","Venue","Commerce & finance","low","redirect","/venue/dashboard/tickets","Venue","Canonical IA or current canonical-route ledger."
"/venues","app/venues/page.tsx","Venue","Dashboard / platform","low","keep","/venues","Venue","Canonical surface retained pending normal definition-of-done verification."
"/venues/[slug]","app/venues/[slug]/page.tsx","Venue","Profiles & directory","medium","keep","/venues/[slug]","Venue","Canonical surface retained pending normal definition-of-done verification."
"/venues/[slug]/booking-request","app/venues/[slug]/booking-request/page.tsx","Venue","Events & bookings","low","keep","/venues/[slug]/booking-request","Venue","Canonical surface retained pending normal definition-of-done verification."
"/work/site-maps/[id]","app/work/site-maps/[id]/page.tsx","General / Work Mode","Logistics & production","low","keep","/work/site-maps/[id]","General / Work Mode","Canonical surface retained pending normal definition-of-done verification."
