"task_id","task","owner_role","dependency","acceptance_evidence","status","qualified_id","accountable_owner","due_date","pull_request","migration_version","before_evidence","validation_result","after_evidence","feature_flag","rollback_instruction","production_approver","observation_end"
"API-001","Define the canonical post visibility matrix: public, followers, friends, private, unpublished, soft-deleted, blocked-user, and missing parent","Backend/Product","None","Approved matrix","IN_REVIEW","AUDIT:API-001","","","","","","Public/followers/friends/private/hidden/moderated/missing behavior implemented; blocked-user schema remains UNKNOWN_BLOCKING","","","","",""
"API-002","Create or reuse a server visibility helper that executes with caller identity and RLS","Backend/Security","API-001","Unit and integration tests","IN_REVIEW","AUDIT:API-002","","","","","","Caller-scoped parent helper and focused visibility tests pass","","","","",""
"API-003","Refactor comments GET to authorize the parent before reading children","Backend","API-002","Visibility integration suite passes","IN_REVIEW","AUDIT:API-003","","","","","","GET and POST authorize the parent before child access; route integration evidence remains open","","","","",""
"API-004","Replace N+1 profile reads with a joined or two-query bulk lookup","Backend","API-003","Query count bounded at 2–3 per request","VALIDATING","AUDIT:API-004","","","","","","Profiles are loaded in one bounded IN query","","","","",""
"API-005","Remove raw database error details from public responses and add a request correlation ID","Backend/Platform","None","API contract test","VALIDATING","AUDIT:API-005","","","","","","Stable error envelope and correlation header implemented; route contract test remains open","","","","",""
"API-006","Define and implement atomic comment-count behavior","Backend/Database","Phase 2 baseline decision","Concurrent-insert test; count reconciliation query","IN_REVIEW","AUDIT:API-006","","","","20260728162903","","Planned forward migration passes static validation; isolated concurrency and reconciliation evidence remain open","","","Disable comments and install a reviewed forward trigger replacement; preserve all comments and counters","",""
"API-007","Add comment-create rules for disabled comments, invisible parents, blocks, and deleted posts","Backend/Security","API-001","Negative integration tests","IN_PROGRESS","AUDIT:API-007","","","","","","Invisible and moderated parents fail closed; comments-enabled and blocked-user schema decisions remain open","","","","",""
"API-008","Add rate limit and content length/normalization tests without changing existing valid comments","Backend/Security","API-003","Abuse-case tests","IN_REVIEW","AUDIT:API-008","","","","","","Whitespace normalization, 2,000-character limit, and a 20-per-minute user mutation limit are implemented; abuse integration evidence remains open","","","","",""
"SEC-001","Map application, policy, trigger, and Edge Function references for the eight anon-executable definers","Security/Backend","P0-008","Caller matrix","BLOCKED","AUDIT:SEC-001","","","","","","","","","","",""
"SEC-002","Revoke PUBLIC/anon execution where no anonymous caller is approved","Database/Security","SEC-001","Grant assertion query","BLOCKED","AUDIT:SEC-002","","","","","","","","","","",""
"SEC-003","For any legitimate anonymous function, replace caller-controlled identities with server-derived context and explicit safe behavior","Database/Security","SEC-001","Adversarial tests","BLOCKED","AUDIT:SEC-003","","","","","","","","","","",""
"SEC-004","Make trigger-only functions non-callable by anon and authenticated","Database","SEC-001","Trigger still fires; direct RPC denied","BLOCKED","AUDIT:SEC-004","","","","","","","","","","",""
"SEC-005","Put emergency grant changes into a reviewed forward migration and record exact live application evidence","Database","SEC-002","Migration and deployment record","BLOCKED","AUDIT:SEC-005","","","","","","","","","","",""
"OBS-001","Remove localhost ingest calls and agent markers from both feed files","Backend","None","Scanner passes; feed tests pass","VALIDATING","AUDIT:OBS-001","","","","","","Both ingest paths removed and production scanner passes","","","","",""
"OBS-002","Expand forbidden patterns to cover debug headers, hard-coded run IDs, hypothesis markers, and known ingest path variants","Platform","OBS-001","Positive and negative scanner fixtures","VALIDATING","AUDIT:OBS-002","","","","","","Scanner patterns and positive/negative fixtures pass","","","","",""
"OBS-003","Add check:production-debug as an early required CI job","Platform","OBS-002","Required check visible on PR","IN_REVIEW","AUDIT:OBS-003","","","","","","Independent CI job added; real pull-request and branch-protection evidence remains open","","","","",""
"OBS-004","Replace any needed feed timings with approved telemetry using redacted, sampled fields","Platform/Backend","OBS-001","Trace sample and privacy review","BLOCKED","AUDIT:OBS-004","","","","","","","","","","",""
"RUN-001","Rank current error signatures by request count, affected route, user journey, and data-write risk","Platform/Backend","P0-008","Prioritized incident register","IN_PROGRESS","AUDIT:RUN-001","","","","","","Signature categories and ownership roles registered; live rate ranking requires confirmed target telemetry","","","","",""
"RUN-002","Add server-side capability flags for incomplete marketplace/music/logistics modules that query absent schema","Backend/Product","RUN-001","Disabled route returns intentional capability response, not 404/400 schema error","IN_REVIEW","AUDIT:RUN-002","","","","","","Polls, marketplace integrations, and music-finance order paths fail closed before schema access","","FEATURE_AUDIT_POLLS_APPROVED; FEATURE_AUDIT_MARKETPLACE_INTEGRATIONS_APPROVED; FEATURE_AUDIT_MUSIC_FINANCE_OFFERINGS_APPROVED","","",""
"RUN-003","Remove “missing table means empty success” handling from active paths; use stable unavailable/error semantics","Backend","RUN-001","Contract tests","IN_PROGRESS","AUDIT:RUN-003","","","","","","Comments and gated paths use stable errors; remaining active empty-success paths require inventory","","","","",""
"RUN-004","Add alerts for missing relation, missing column, permission denied, and function return mismatch signatures","Platform","RUN-001","Alert test and owner routing","IN_PROGRESS","AUDIT:RUN-004","","","","","","Alert categories and owner roles registered; operational alert wiring remains open","","","","",""
"DB-001","Merge local and remote histories into one ledger keyed by version","Database","P0-006, P0-007","Ledger contains all versions","IN_REVIEW","AUDIT:DB-001","","","","","","Merged ledger contains all 406 local files and 180 unique remote records across 441 versions","","","","",""
"DB-002","Add local checksum, remote name, collision flag, SQL object effects, risk level, and domain owner","Database","DB-001","No unclassified row","IN_PROGRESS","AUDIT:DB-002","","","","","","Checksums, remote names, collision reasons, static object previews, and risk levels are generated; effect review and accountable owner assignment remain open","","","","",""
"DB-003","Classify every entry as MATCHED, LOCAL_ONLY, REMOTE_ONLY, COLLISION, or SUPERSEDED","Database","DB-002","Count reconciles to audited totals","IN_REVIEW","AUDIT:DB-003","","","","","","Initial reconciliation yields 141 matched, 259 local-only, 37 remote-only, and four collision versions; manual supersession decisions remain open","","","","",""
"DB-004","Review the two known timestamp collisions by resulting schema effect, not filename","Database/Domain owners","DB-002","Signed collision decision","IN_PROGRESS","AUDIT:DB-004","","","","","","Two audited local/remote collisions and two new local duplicate-version collisions are isolated; live effect approval remains open","","","","",""
"DB-005","Scan every local-only migration for destructive DDL, data backfills, external assumptions, and duplicate object creation","Database/Security","DB-002","Risk annotations complete","BLOCKED","AUDIT:DB-005","","","","","","","","","","",""
"DB-006","Map each currently live table, column, function, policy, trigger, view, type, index, and grant to its originating history where possible","Database","P0-005, DB-002","Object lineage coverage report","BLOCKED","AUDIT:DB-006","","","","","","","","","","",""
"DB-007","Create a domain-by-domain live-versus-code schema diff","Database/Backend","DB-006","Machine-readable diff","BLOCKED","AUDIT:DB-007","","","","","","","","","","",""
"DB-008","Ask each domain owner to classify missing objects as ACTIVE_REQUIRED, FUTURE_GATED, LEGACY_REFERENCE, ADMIN_ONLY, or INVALID_REFERENCE","Product/Domain owners","DB-007","All production references classified","BLOCKED","AUDIT:DB-008","","","","","","","","","","",""
"DB-009","Define the canonical state for each collision and overlapping object family","Architecture/Database","DB-004, DB-008","Architecture decision records","BLOCKED","AUDIT:DB-009","","","","","","","","","","",""
"DB-010","Define data-preservation and compatibility rules for every changed table","Database/Product","DB-009","Per-table conversion plan","BLOCKED","AUDIT:DB-010","","","","","","","","","","",""
"DB-011","Create a dedicated database recovery branch/project with synthetic, non-production seed data","Database/Platform","P0-002","Project identity and isolation verified","BLOCKED","AUDIT:DB-011","","","","","","","","","","",""
"DB-012","Produce a clean schema baseline representing approved current state","Database","DB-009, DB-010","Baseline SQL reviewed","BLOCKED","AUDIT:DB-012","","","","","","","","","","",""
"DB-013","Preserve legacy migrations in Git history and an immutable ledger; do not silently delete evidence","Database/Release","DB-012","Archive/tag and manifest","BLOCKED","AUDIT:DB-013","","","","","","","","","","",""
"DB-014","Recreate the disposable database from the proposed baseline","Database","DB-012","Clean replay succeeds","BLOCKED","AUDIT:DB-014","","","","","","","","","","",""
"DB-015","Replay twice and assert the second generated schema diff is empty or fully explained","Database/QA","DB-014","Determinism report","BLOCKED","AUDIT:DB-015","","","","","","","","","","",""
"DB-016","Run database unit/RLS tests, security/performance advisors, function grant assertions, and representative queries","QA/Security","DB-014","Test bundle green","BLOCKED","AUDIT:DB-016","","","","","","","","","","",""
"DB-017","Generate TypeScript types from the disposable database and compare them to application references","Database/Backend","DB-014","Type and contract diff","BLOCKED","AUDIT:DB-017","","","","","","","","","","",""
"DB-018","Generate new forward-only convergence migrations in domain batches; do not reuse colliding timestamps","Database","DB-016, Phase 3 domain decisions","Reviewed migrations","BLOCKED","AUDIT:DB-018","","","","","","","","","","",""
"DB-019","Test every convergence migration against a clone/branch representing the live schema","Database/QA","DB-018","Before/after schema diff and data checks","BLOCKED","AUDIT:DB-019","","","","","","","","","","",""
"DB-020","Perform dry-run and lock-impact review for each production batch","Database/Platform","DB-019","Dry-run log and maintenance decision","BLOCKED","AUDIT:DB-020","","","","","","","","","","",""
"DB-021","Apply the approved batches with backups/PITR verified and monitoring active","Database/Release","DB-020","Deployment record","BLOCKED","AUDIT:DB-021","","","","","","","","","","",""
"DB-022","Repair/adopt migration history only for individually verified versions or the approved baseline marker","Database/Release","DB-021","Before/after history ledger; explicit approval","BLOCKED","AUDIT:DB-022","","","","","","","","","","",""
"DB-023","Prove future db push --dry-run proposes only intentionally pending migrations","Database/Platform","DB-022","Dry-run output","BLOCKED","AUDIT:DB-023","","","","","","","","","","",""
"DB-024","Regenerate and commit canonical database types from the reconciled target","Database/Backend","DB-023","Types match target; typecheck green","BLOCKED","AUDIT:DB-024","","","","","","","","","","",""
"CON-001","Extend static extraction to capture relation, selected column, RPC, storage bucket, and schema references","Platform/Backend","DB-014","Contract manifest","BLOCKED","AUDIT:CON-001","","","","","","","","","","",""
"CON-002","Resolve dynamic relation/RPC names through an explicit allowlist with owner and justification","Backend/Domain owners","CON-001","No unexplained dynamic target","BLOCKED","AUDIT:CON-002","","","","","","","","","","",""
"CON-003","Compare the manifest to disposable database metadata in CI","Platform/Database","CON-001, DB-014","Failing fixture and passing baseline","BLOCKED","AUDIT:CON-003","","","","","","","","","","",""
"CON-004","Fail CI for an absent production target unless its route is feature-gated and tested inaccessible","Platform","CON-003","Required check","BLOCKED","AUDIT:CON-004","","","","","","","","","","",""
"CON-005","Check generated TypeScript types against freshly generated disposable-database types","Platform/Database","DB-024","No unreviewed diff","BLOCKED","AUDIT:CON-005","","","","","","","","","","",""
"DOM-101","Confirm types, defaults, nullability, RLS, and backfill meaning for poll columns","Feed/Database","DB-008","Data contract","BLOCKED","AUDIT:DOM-101","","","","","","","","","","",""
"DOM-102","Add required poll schema through forward migration only if polls are an active released feature","Feed/Database","DOM-101","Migration tests and RLS personas","BLOCKED","AUDIT:DOM-102","","","","","","","","","","",""
"DOM-103","Add/validate owner_user_id without replacing existing account relationship identifiers","Accounts/Database","DB-010","Backfill and ownership validation","BLOCKED","AUDIT:DOM-103","","","","","","","","","","",""
"DOM-104","Implement atomic comment counter behavior and reconciliation","Feed/Database","API-006","Concurrency and repair tests","BLOCKED","AUDIT:DOM-104","","","","","","","","","","",""
"DOM-105","Verify feed, author feed, profile feed, comments, polls, follows, friends, and blocked-user behavior end to end","QA","DOM-102–104","Journey suite","BLOCKED","AUDIT:DOM-105","","","","","","","","","","",""
"DOM-201","Define canonical music trust/origin lifecycle and compatibility defaults","Music/Product/Security","DB-008","Approved state model","BLOCKED","AUDIT:DOM-201","","","","","","","","","","",""
"DOM-202","Add trust/origin columns as nullable or safely defaulted expansion fields","Music/Database","DOM-201","Migration lock and data tests","BLOCKED","AUDIT:DOM-202","","","","","","","","","","",""
"DOM-203","Backfill existing music rows in resumable batches; preserve original metadata","Music/Database","DOM-202","Checkpoints and before/after counts","BLOCKED","AUDIT:DOM-203","","","","","","","","","","",""
"DOM-204","Resolve tour_artists.artist_user_id using a verified mapping; quarantine ambiguous rows for manual review","Tours/Database","DB-010","Zero silent mis-mappings","BLOCKED","AUDIT:DOM-204","","","","","","","","","","",""
"DOM-205","Add/derive merchandise active state while preserving current listings","Marketplace/Database","DB-010","Storefront regression tests","BLOCKED","AUDIT:DOM-205","","","","","","","","","","",""
"DOM-206","Repair function declared return types or query output explicitly; version replacements when callers depend on the old signature","Database/Backend","DB-007","RPC contract tests","BLOCKED","AUDIT:DOM-206","","","","","","","","","","",""
"DOM-207","Run upload, preview, trust, profile player, merch visibility, and tour roster journeys","QA","DOM-202–206","E2E evidence","BLOCKED","AUDIT:DOM-207","","","","","","","","","","",""
"DOM-301","Confirm which integration and fulfillment features are currently exposed to users","Marketplace/Product","RUN-001","Feature exposure map","BLOCKED","AUDIT:DOM-301","","","","","","","","","","",""
"DOM-302","Gate unreleased connectors and fulfillment paths at the server","Marketplace/Backend","DOM-301","Inaccessible-path tests","BLOCKED","AUDIT:DOM-302","","","","","","","","","","",""
"DOM-303","For released paths, create additive tables with ownership, seller scope, status constraints, timestamps, RLS, and FK indexes","Marketplace/Database","DB-010, DOM-301","Schema/RLS tests","BLOCKED","AUDIT:DOM-303","","","","","","","","","","",""
"DOM-304","Make sync jobs idempotent with provider identifiers and uniqueness constraints","Marketplace/Backend/Database","DOM-303","Replay test produces no duplicates","BLOCKED","AUDIT:DOM-304","","","","","","","","","","",""
"DOM-305","Add retry, dead-letter, and audit behavior without deleting failed records","Marketplace/Backend","DOM-303","Failure-path tests","BLOCKED","AUDIT:DOM-305","","","","","","","","","","",""
"DOM-306","Validate external redirect checkout, native checkout, booking request, quote request, and fulfillment status journeys","QA","DOM-302–305","E2E matrix","BLOCKED","AUDIT:DOM-306","","","","","","","","","","",""
"DOM-401","Trace organization, tour, venue, employer, and acting-context authorization sources","Hiring/Logistics/Security","DB-008","Canonical scope diagram","BLOCKED","AUDIT:DOM-401","","","","","","","","","","",""
"DOM-402","Repair membership helper permissions without introducing service-role bypasses","Database/Security","DOM-401","RLS/RPC persona tests","BLOCKED","AUDIT:DOM-402","","","","","","","","","","",""
"DOM-403","Classify missing event/staff/zone/role/advancing/logistics relations by active usage","Domain owners","DB-008","Classification complete","BLOCKED","AUDIT:DOM-403","","","","","","","","","","",""
"DOM-404","Add only active required relations with tenant keys, RLS, indexes, audit fields, and explicit retention","Database/Domain owners","DOM-403","Schema and policy tests","BLOCKED","AUDIT:DOM-404","","","","","","","","","","",""
"DOM-405","Gate future logistics and staffing modules whose canonical data model is not approved","Backend/Product","DOM-403","Route capability tests","BLOCKED","AUDIT:DOM-405","","","","","","","","","","",""
"DOM-406","Verify admin, organization, venue, artist, worker, and unauthorized personas across tour and staff journeys","QA/Security","DOM-402–405","Persona matrix","BLOCKED","AUDIT:DOM-406","","","","","","","","","","",""
"RPC-001","Build an absent-RPC caller and purpose registry","Backend/Database","CON-001","All 16 classified","BLOCKED","AUDIT:RPC-001","","","","","","","","","","",""
"RPC-002","Remove production references to generic SQL execution and schema mutation RPCs","Backend/Security","RPC-001","Static scan and route tests","BLOCKED","AUDIT:RPC-002","","","","","","","","","","",""
"RPC-003","Implement or replace approved business RPCs with typed arguments, authorization, grants, and stable return types","Database/Backend","RPC-001","RPC contract suite","BLOCKED","AUDIT:RPC-003","","","","","","","","","","",""
"RPC-004","Add temporary compatibility wrappers only where an active caller cannot switch atomically","Database/Backend","RPC-003","Deprecation owner/date recorded","BLOCKED","AUDIT:RPC-004","","","","","","","","","","",""
"RPC-005","Assert that no anonymous/authenticated role can call internal admin/debug RPCs","Security/QA","RPC-002–004","Grant test","BLOCKED","AUDIT:RPC-005","","","","","","","","","","",""
"SEC-101","Inventory all 136 definers with signature, owner, body hash, search path, grants, triggers, policies, and callers","Security/Database","P0-008","Complete function manifest","BLOCKED","AUDIT:SEC-101","","","","","","","","","","",""
"SEC-102","Classify each as trigger-only, policy helper, client RPC, worker/internal, or obsolete candidate","Security/Domain owners","SEC-101","No unowned function","BLOCKED","AUDIT:SEC-102","","","","","","","","","","",""
"SEC-103","Convert functions to SECURITY INVOKER where elevation is unnecessary","Database/Security","SEC-102","Behavior and permission tests","BLOCKED","AUDIT:SEC-103","","","","","","","","","","",""
"SEC-104","Move internal policy helpers to a non-exposed schema where feasible","Database/Security","SEC-102","PostgREST exposure test","BLOCKED","AUDIT:SEC-104","","","","","","","","","","",""
"SEC-105","Add fixed search paths and schema-qualified references to remaining definers","Database","SEC-102","Mutable-search-path advisor cleared","BLOCKED","AUDIT:SEC-105","","","","","","","","","","",""
"SEC-106","Add explicit auth.uid()/membership validation to caller-sensitive functions","Database/Security","SEC-102","Negative caller tests","BLOCKED","AUDIT:SEC-106","","","","","","","","","","",""
"SEC-107","Revoke default PUBLIC execute privileges for future functions for every function-owning role","Database/Security","SEC-101","New-function fixture not public","BLOCKED","AUDIT:SEC-107","","","","","","","","","","",""
"SEC-108","Replace music_finance_offering_orders unrestricted insert rule with approved ownership and eligibility checks; keep feature gated until reviewed","Music/Finance/Security","Product/legal decision","RLS tests and approval","BLOCKED","AUDIT:SEC-108","","","","","","","","","","",""
"RLS-001","Decide access for the four RLS-enabled tables with no policies","Security/Domain owners","DB-008","Per-table access decision","BLOCKED","AUDIT:RLS-001","","","","","","","","","","",""
"RLS-002","For service-only tables, revoke client table privileges; for client tables, add explicit policies","Database/Security","RLS-001","Anon/auth/service tests","BLOCKED","AUDIT:RLS-002","","","","","","","","","","",""
"RLS-003","Create an authorization matrix for every active domain","Security/Domain owners","DB-008","Approved matrix","BLOCKED","AUDIT:RLS-003","","","","","","","","","","",""
"RLS-004","Test cross-tenant, ownership-transfer, blocked-user, deleted-row, and role-change scenarios","QA/Security","RLS-003","Negative test suite","BLOCKED","AUDIT:RLS-004","","","","","","","","","","",""
"CI-001","Approve npm as canonical root package manager and document workspace exceptions","Platform","None","Architecture decision","VALIDATING","AUDIT:CI-001","","","","","","npm 11.5.2 and Node 20 are declared and the toolchain check passes","","","","",""
"CI-002","Verify npm ci and Prisma generation from a clean checkout","Platform","CI-001","Clean runner log","BLOCKED","AUDIT:CI-002","","","","","","","","","","",""
"CI-003","Remove the need for --legacy-peer-deps by resolving or explicitly documenting dependency conflicts","Platform","CI-002","Clean install without flag, or approved exception","VALIDATING","AUDIT:CI-003","","","","","","Peer dependency policy check passes without legacy-peer-deps","","","","",""
"CI-004","Add a lockfile policy check that prevents ambiguous root dependency changes","Platform","CI-001","CI fixture","BLOCKED","AUDIT:CI-004","","","","","","","","","","",""
"CI-005","Retire the noncanonical root lockfile only after equivalent install/build verification and team approval","Platform","CI-002–004","Focused PR","BLOCKED","AUDIT:CI-005","","","","","","","","","","",""
"TST-001","Align cron tests to the approved secret-required contract","Backend/Security","None","Jest group green","VALIDATING","AUDIT:TST-001","","","","","","Cron tests now enforce the approved secret-required fail-closed contract","","","","",""
"TST-002","Standardize server-only mocks/module mapping in Jest and Vitest","QA/Platform","None","Both import failures resolved","VALIDATING","AUDIT:TST-002","","","","","","Jest runner ownership and server-only mapping are repaired; the canonical suite passes all 82 suites and 480 tests","","","","",""
"TST-003","Create a decision sheet for all 12 Vitest failures before editing tests","QA/Product","None","Expected behavior approved","IN_REVIEW","AUDIT:TST-003","","","","","","All 14 remaining failures are recorded in VITEST_DECISION_SHEET.md with behavior, disagreement, recommendation, and approval blocker","","","","",""
"TST-004","Repair feed, event, artist slug, profile, author feed, poll, and social groups","Domain owners","TST-003, relevant Phase 3 tasks","Behavior tests green","BLOCKED","AUDIT:TST-004","","","","","","","","","","",""
"TST-005","Separate stable public contracts from fragile source-structure assertions","QA/Domain owners","TST-004","Test review","BLOCKED","AUDIT:TST-005","","","","","","","","","","",""
"TST-006","Run Jest and Vitest with coverage on security- and migration-sensitive modules","QA","TST-001–005","Coverage report and thresholds","BLOCKED","AUDIT:TST-006","","","","","","","","","","",""
"CI-101","Add Vitest and production-debug jobs to CI","Platform","OBS-002, TST fixes","Required checks green","IN_PROGRESS","AUDIT:CI-101","","","","","","Independent Vitest and production-debug jobs are defined; full suite and required-check evidence remain open","","","","",""
"CI-102","Add disposable database startup and clean migration replay","Platform/Database","DB-014","CI replay green","BLOCKED","AUDIT:CI-102","","","","","","","","","","",""
"CI-103","Add schema-contract and generated-type drift checks","Platform/Database","CON-003, DB-024","Required checks green","BLOCKED","AUDIT:CI-103","","","","","","","","","","",""
"CI-104","Add grant, RLS, missing-policy, and security-advisor assertions","Platform/Security","SEC/RLS tasks","Required checks green","BLOCKED","AUDIT:CI-104","","","","","","","","","","",""
"CI-105","Establish an advisor budget: no new security findings; tracked performance baseline can only decrease","Security/Database","P0-008","CI comparison report","BLOCKED","AUDIT:CI-105","","","","","","","","","","",""
"CI-106","Make required checks mandatory on main and prevent direct unverified pushes","Repository admin","CI-101–105","Branch protection evidence","BLOCKED","AUDIT:CI-106","","","","","","","","","","",""
"CI-107","Separate production migration deployment from application CI and require environment approval","Platform/Release","DB-023","Manual workflow evidence","BLOCKED","AUDIT:CI-107","","","","","","","","","","",""
"CI-108","Verify workflow runs are actually produced for a test PR and retained","Platform","CI-106","GitHub run links","BLOCKED","AUDIT:CI-108","","","","","","","","","","",""
"QLT-001","Export lint warnings by rule, path, and domain owner","QA/Platform","None","Warning ledger","READY","AUDIT:QLT-001","","","","","","","","","","",""
"QLT-002","Add a no-new-warnings comparison gate","Platform","QLT-001","Failing fixture","VALIDATING","AUDIT:QLT-002","","","","","","No-growth warning budget passes at 97 current versus 101 baseline","","","","",""
"QLT-003","Fix hook and accessibility warnings in highest-traffic journeys first","Domain owners","QLT-001","Category counts decline; tests pass","BLOCKED","AUDIT:QLT-003","","","","","","","","","","",""
"BLD-001","Re-run production build in a clean CI workspace with deployment-equivalent nonsecret configuration","Platform","CI-002","Clean exit and build artifact","BLOCKED","AUDIT:BLD-001","","","","","","","","","","",""
"BLD-002","If ENOTEMPTY repeats, identify concurrent .next writer or cleanup race and isolate output directory","Platform","BLD-001","Root-cause test","BLOCKED","AUDIT:BLD-002","","","","","","","","","","",""
"BLD-003","Retain production build evidence for every release candidate","Platform/Release","BLD-001","Release record","BLOCKED","AUDIT:BLD-003","","","","","","","","","","",""
"PERF-001","Rank policies by active table traffic and query latency","Database/Platform","Phase 3","Hot-policy list","BLOCKED","AUDIT:PERF-001","","","","","","","","","","",""
"PERF-002","Consolidate overlapping permissive policies by action and role while preserving authorization matrices","Database/Security","PERF-001, RLS-003","Persona tests and plan comparison","BLOCKED","AUDIT:PERF-002","","","","","","","","","","",""
"PERF-003","Replace safe repeated Auth calls with scalar subquery form","Database","PERF-001","Advisor reduction and query plans","BLOCKED","AUDIT:PERF-003","","","","","","","","","","",""
"PERF-004","Add indexes for verified hot FK and RLS predicate columns","Database","PERF-001","EXPLAIN/latency evidence","BLOCKED","AUDIT:PERF-004","","","","","","","","","","",""
"PERF-005","Add missing indexes in small batches and monitor write cost","Database/Platform","PERF-004","Before/after metrics","BLOCKED","AUDIT:PERF-005","","","","","","","","","","",""
"PERF-006","Record duplicate indexes as candidates; remove none in this remediation program without separate approval","Database","None","Candidate registry","READY","AUDIT:PERF-006","","","","","","","","","","",""
"PERF-007","Retain unused indexes until representative traffic and statistics prove retirement safety","Database","None","Policy documented","READY","AUDIT:PERF-007","","","","","","","","","","",""
"PERF-101","Define p50/p95 latency, query count, payload, and error budgets for top journeys","Platform/Product","Phase 4","Approved budgets","BLOCKED","AUDIT:PERF-101","","","","","","","","","","",""
"PERF-102","Trace login, feed, public profile, admin onboarding, tour operations, roster, venue scheduling, and travel flows","Platform/Domain owners","PERF-101","Waterfall traces","BLOCKED","AUDIT:PERF-102","","","","","","","","","","",""
"PERF-103","Replace per-row reads with joined or bounded bulk server queries","Domain owners","PERF-102","Query-count reduction","BLOCKED","AUDIT:PERF-103","","","","","","","","","","",""
"PERF-104","Add pagination/cursors to unbounded lists","Backend/Frontend","PERF-102","Load tests","BLOCKED","AUDIT:PERF-104","","","","","","","","","","",""
"PERF-105","Deduplicate client requests and centralize repeated domain loaders","Frontend/Backend","PERF-102","Network trace comparison","BLOCKED","AUDIT:PERF-105","","","","","","","","","","",""
"PERF-106","Cache stable reference data with explicit tags/TTL and tenant-aware keys","Backend","PERF-102","Staleness and isolation tests","BLOCKED","AUDIT:PERF-106","","","","","","","","","","",""
"PERF-107","Review each no-store/force-dynamic use; remove only with correctness proof","Backend","PERF-102","Decision ledger","BLOCKED","AUDIT:PERF-107","","","","","","","","","","",""
"PERF-108","Run load smoke tests and compare against Phase 0 baseline","QA/Platform","PERF-103–107","Performance report","BLOCKED","AUDIT:PERF-108","","","","","","","","","","",""
"AUTH-001","Enable leaked-password protection and test signup/password-change behavior","Security/Platform","Change window","Auth flow tests","NOT_STARTED","AUDIT:AUTH-001","","","","","","","","","","",""
"AUTH-002","Define MFA requirements for platform admins, organization admins, venue admins, and ordinary users","Security/Product","None","Approved policy","READY","AUDIT:AUTH-002","","","","","","","","","","",""
"AUTH-003","Implement MFA enrollment, recovery, step-up, and admin enforcement in stages","Security/Frontend","AUTH-002","Persona E2E tests","BLOCKED","AUDIT:AUTH-003","","","","","","","","","","",""
"AUTH-004","Review session duration, revocation, privileged role changes, and JWT freshness behavior","Security","AUTH-002","Security decision record","BLOCKED","AUDIT:AUTH-004","","","","","","","","","","",""
"AUTH-005","Verify authorization uses trusted app metadata/database membership, not user-editable metadata","Security/Backend","SEC/RLS inventory","Static and policy scan","BLOCKED","AUDIT:AUTH-005","","","","","","","","","","",""
"STO-001","Map every code bucket/path reference to the live bucket registry","Backend/Platform","P0-008","Bucket contract manifest","BLOCKED","AUDIT:STO-001","","","","","","","","","","",""
"STO-002","Decide whether artist-photos should be created additively or client paths should target an existing canonical bucket","Product/Backend","STO-001","Architecture decision","BLOCKED","AUDIT:STO-002","","","","","","","","","","",""
"STO-003","Narrow avatar listing while preserving direct public asset delivery where required","Security/Database","STO-001","List denied; valid image read works","BLOCKED","AUDIT:STO-003","","","","","","","","","","",""
"STO-004","Enforce owner/entity path prefixes and MIME/size rules","Security/Backend","STO-001","Upload policy tests","BLOCKED","AUDIT:STO-004","","","","","","","","","","",""
"STO-005","Test insert, select, update/upsert, delete, and cross-user denial for each upload flow","QA/Security","STO-003–004","Storage persona matrix","BLOCKED","AUDIT:STO-005","","","","","","","","","","",""
"STO-006","Add orphan-object and missing-database-row reconciliation without deleting automatically","Platform","STO-001","Dry-run report","BLOCKED","AUDIT:STO-006","","","","","","","","","","",""
"GOV-001","Generate schema object registry with owner, source migration, grants, RLS owner, row count band, and lifecycle","Architecture/Database","DB-006","Registry complete","BLOCKED","AUDIT:GOV-001","","","","","","","","","","",""
"GOV-002","Generate page/API route registry with owner, auth mode, feature flag, database dependencies, tests, and runtime traffic","Architecture/Platform","CON-001","Registry complete","BLOCKED","AUDIT:GOV-002","","","","","","","","","","",""
"GOV-003","Classify overlapping event, venue, notification, and demo families","Domain owners","GOV-001","Architecture decisions","BLOCKED","AUDIT:GOV-003","","","","","","","","","","",""
"GOV-004","Add deprecation telemetry and compatibility ownership instead of deleting objects","Platform/Domain owners","GOV-003","Usage dashboard","BLOCKED","AUDIT:GOV-004","","","","","","","","","","",""
"GOV-005","Require owner and lifecycle metadata for new tables, functions, policies, routes, and migrations","Repository admin","GOV-001–002","PR template/check","BLOCKED","AUDIT:GOV-005","","","","","","","","","","",""
"GOV-006","Define a separate retirement standard: zero references, zero traffic window, retention approval, backup, rollback, and explicit change window","Architecture/Security","GOV-003","Retirement policy","BLOCKED","AUDIT:GOV-006","","","","","","","","","","",""
"GOV-007","Move old “implementation complete” documentation to an archive index and mark current authoritative docs","Documentation owner","None","Docs index","READY","AUDIT:GOV-007","","","","","","","","","","",""
"REL-001","Create production migration runbook with target verification and stop conditions","Release/Database","Phase 2","Approved runbook","IN_PROGRESS","AUDIT:REL-001","","","","","","Hosted workflows are manual, environment-protected, target-verified, dry-run-first, and pinned; named runbook approval remains open","","","","",""
"REL-002","Add mandatory dry run and migration checksum display to production workflow","Platform","DB-023","Workflow test","IN_REVIEW","AUDIT:REL-002","","","","","","Hosted workflows display changed migration SHA-256 values before dry run and push","","","","",""
"REL-003","Require named approval for production database changes","Repository/Environment admin","REL-001","Environment rule","BLOCKED","AUDIT:REL-003","","","","","","","","","","",""
"REL-004","Define canary users/accounts and feature-flag rollout stages","Product/QA","Phase 3","Rollout matrix","BLOCKED","AUDIT:REL-004","","","","","","","","","","",""
"REL-005","Define error-rate, latency, and data-integrity rollback thresholds","Platform/Product","PERF-101","Threshold record","BLOCKED","AUDIT:REL-005","","","","","","","","","","",""
"REL-006","Execute full release-candidate suite and retain evidence","QA/Release","Phases 1–5","Release bundle","BLOCKED","AUDIT:REL-006","","","","","","","","","","",""
"REL-007","Re-enable production migration workflow only after release criteria pass","Release lead","REL-001–006","Written sign-off","BLOCKED","AUDIT:REL-007","","","","","","","","","","",""
"REL-008","Schedule post-release advisor, error, and contract review","Database/Platform","REL-007","Review record","BLOCKED","AUDIT:REL-008","","","","","","","","","","",""
