task_id,wave,phase,workstream,title,finding_ids,dependencies,size,risk,objective,implementation,current_target_files,suggested_new_targets,acceptance,tests,status,owner,pr,evidence
ADMUX-0001,W00,Phase 00 — Architecture Freeze,Architecture & Baseline,Approve Admin UX ADR bundle,,,M,Medium,Resolve the 10 architecture decisions before broad page migration.,"Review and approve the IA, URL/scope, workspace ownership, component convergence, data-state, collection, workspace-navigation, critical-action, Dashboard and mobile-scope ADR drafts. Record decisions and explicitly mark deferred scope.",,docs/admin/ux/adr/*,All ADRs have a Decided/Deferred status; no downstream phase depends on an unresolved decision; every deferred item has a rationale and launch impact.,Document review + architecture sign-off.,Not Started,,,
ADMUX-0002,W00,Phase 00 — Architecture Freeze,Architecture & Baseline,Create seeded UX regression fixtures,,ADMUX-0001,L,Medium,Make premiere-quality behavior testable before UI migrations begin.,"Define deterministic Organization A/B fixtures, 120+ events/tours, unread messages, failed/degraded API fixtures, finance/ticketing data, mobile viewport scenarios and representative role/capability personas.",,tests/fixtures/admin-ux/*; scripts/admin-ux-seed.*,"Fixtures can reproduce every critical collection-scale, multi-org, failure-truthfulness and mobile scenario referenced by this plan.",Fixture smoke run; seed idempotency test.,Not Started,,,
ADMUX-0101,W01,"Phase 01 — Navigation, URL & Scope Foundation",IA & Vocabulary,Restructure first-level Admin IA,"AUX-IA-001, AUX-IA-002, AUX-IA-008, AUX-IA-009, AUX-FLOW-005",ADMUX-0001,XL,High,Replace feature-inventory navigation with a task-oriented Admin hierarchy.,"Define canonical first-level groups, map every current route to the new taxonomy, keep old routes as deep-link aliases, redesign sidebar search to return direct matches, and add a recent/pinned area only after the primary hierarchy is simplified.",app/admin/dashboard/components/optimized-sidebar.tsx; multiple inspected files,lib/admin/navigation/admin-navigation-model.ts; components/admin/navigation/admin-sidebar.tsx; lib/admin/navigation/admin-vocabulary.ts,Every current Admin destination remains reachable; first-click testing improves for common owner/manager/coordinator tasks; no duplicate primary label represents the same concept; search returns direct matching destinations.,Route inventory test; first-click usability test; keyboard search test.,Not Started,,,
ADMUX-0102,W01,"Phase 01 — Navigation, URL & Scope Foundation",IA & Accessibility,Replace custom mobile/collapsed sidebar behavior,"AUX-IA-003, AUX-IA-004, AUX-IA-005, AUX-IA-007",ADMUX-0101,L,Medium,"Make Admin navigation accessible, SPA-native and compact on constrained viewports.","Move mobile navigation to the canonical Sheet/Drawer primitive, add focus trap/restore/Escape/scroll lock, ensure every icon-only nav item has an accessible label + tooltip, remove window.location navigation, and collapse stable acting-context chrome.",app/admin/dashboard/components/optimized-sidebar.tsx; app/admin/dashboard/components/admin-acting-context-bar.tsx,components/admin/navigation/admin-mobile-drawer.tsx; components/admin/navigation/icon-nav-item.tsx,One accessible mobile drawer; no internal full reloads; collapsed items have accessible names; body does not scroll behind drawer; stable scope consumes less vertical height.,axe; VoiceOver/TalkBack; keyboard Escape/focus; navigation no-reload assertion.,Not Started,,,
ADMUX-0103,W01,"Phase 01 — Navigation, URL & Scope Foundation",Scope & Identity UX,Unify acting-organization scope control,AUX-IA-006,ADMUX-0001,M,High,Put the active organization and the action to change it in one predictable place.,Merge the scope indicator and switch affordance into the canonical Admin header/context control. Preserve the existing acting-context security model; do not silently switch scope from child URLs.,app/admin/dashboard/components/admin-acting-context-bar.tsx,components/admin/scope/admin-scope-switcher.tsx; components/admin/scope/admin-scope-breadcrumb.tsx,Users can identify and switch the organization from any Admin workspace; every mutation still carries the resolved acting context; scope change is visually confirmed before page data mutates.,Two-org deep-link test; stale-scope mutation negative test.,Not Started,,,
ADMUX-0104,W02,"Phase 01 — Navigation, URL & Scope Foundation",URL & Deep Linking,Implement canonical Admin URL/scope contract,"AUX-IA-010, AUX-FLOW-003, AUX-FLOW-004, AUX-FLOW-007",ADMUX-0001,XL,High,"Give all Admin workspaces the same rules for account scope, child scope, tab/view, filters, pagination and selected records.",Create shared parse/build/update helpers; define canonical keys; preserve supported legacy aliases; ensure internal links preserve account/scope context; define collection→detail return-state behavior.,multiple inspected Admin route files; multiple inspected files,lib/admin/navigation/admin-route-state.ts; lib/admin/navigation/admin-link-builder.ts,Back/Forward/refresh/share work consistently across representative workspaces; legacy links resolve to canonical state; account scope is never silently changed by a child URL.,Automated URL matrix; browser history tests; cross-org tamper tests.,Not Started,,,
ADMUX-0105,W02,"Phase 01 — Navigation, URL & Scope Foundation",URL & Deep Linking,Migrate Dashboard navigation state,"AUX-DASH-003, AUX-DASH-004, AUX-DASH-010",ADMUX-0104,M,Low,Make Dashboard refresh and drill-down preserve the working view.,Replace document reloads with scoped refetch/router navigation and sync active Dashboard tab to URL.,app/admin/dashboard/components/optimized-dashboard-client.tsx,,No full reload for Refresh/row drill-down; copied URL restores the active Dashboard subview; Back returns to the same working state.,Playwright history/deep-link test.,Not Started,,,
ADMUX-0106,W02,"Phase 01 — Navigation, URL & Scope Foundation",URL & Deep Linking,Migrate Tour portfolio view/filter state,AUX-TOUR-002,ADMUX-0104,M,Medium,"Make Tour portfolio searches, filters and saved-view selections shareable and restorable.",Encode search/status/tag/owner/saved-view/sort/page/density in the canonical collection URL contract.,app/admin/dashboard/tours/tours-page-client.tsx,,Two sessions opening the same URL see the same working set; Back/Forward restores changes.,Portfolio deep-link test; saved-view regression.,Not Started,,,
ADMUX-0107,W02,"Phase 01 — Navigation, URL & Scope Foundation",URL & Deep Linking,Normalize Event edit routes,AUX-EVT-020,ADMUX-0104,S,Low,Use one canonical Event edit URL regardless of entry point.,"Choose the canonical edit route, migrate cards/detail/related links, and keep legacy id/draft aliases redirecting without losing account/scope.",app/admin/dashboard/events/[id]/page.tsx; components/admin/operations/event-operations-card.tsx,,Every edit entry point lands on the same canonical URL and opens the same Event.,Link inventory + redirect test.,Not Started,,,
ADMUX-0108,W02,"Phase 01 — Navigation, URL & Scope Foundation",Calendar Scope,Harden Calendar scope resolution and option loading,"AUX-CAL-001, AUX-CAL-002, AUX-CAL-003","ADMUX-0103, ADMUX-0104",L,High,"Make global Calendar scope explicit, organization-safe and failure-transparent.",Add an explicit organization/all scope when backend support exists; otherwise clearly label narrowing. Fetch Tour/Event options with acting-context headers and render scope-option unavailable/retry states instead of empty arrays.,components/admin/admin-calendar-view.tsx,,Calendar never looks organization-global when narrowed; Org A/B options never cross; option API failure never looks like 'no events'.,Two-org test; failed-option test; scope deep-link test.,Not Started,,,
ADMUX-0109,W02,"Phase 01 — Navigation, URL & Scope Foundation",Workforce Scope,Normalize Staff/Hiring employer scope and Hiring tab URLs,"AUX-WRK-003, AUX-HIRE-001","ADMUX-0103, ADMUX-0104",M,Medium,Give Staff and Hiring the same employer-scope and tab-restoration behavior.,Use one scope-loading/remediation path across Staff tabs; make Hiring tabs controlled by URL like Staff.,app/admin/dashboard/staff/page.tsx; components/hiring/hiring-dashboard-shell.tsx,,No tab-specific missing-scope surprises; Hiring tab survives refresh/share/back.,Employer hydration tests; Hiring deep-link tests.,Not Started,,,
ADMUX-0110,W02,"Phase 01 — Navigation, URL & Scope Foundation",URL & Deep Linking,"Migrate Ticketing, Finance, Contracts, Communications and Analytics URL state","AUX-TIX-002, AUX-TIX-006, AUX-FIN-002, AUX-CON-001, AUX-COM-005, AUX-ANL-004",ADMUX-0104,L,Medium,Complete URL-state parity across the remaining high-value Admin workspaces.,Sync active tab/view and relevant event/date/conversation scope using the canonical helpers; preserve account context on all replacements.,app/admin/dashboard/ticketing/page.tsx; app/admin/dashboard/finances/page.tsx; app/admin/dashboard/contracts/page.tsx; app/admin/dashboard/components/admin-unified-inbox.tsx; app/admin/dashboard/analytics/page.tsx,,Each workspace restores exact meaningful state after refresh/share/back; selected Event/conversation/date scope remains visible.,Parameterized deep-link test matrix.,Not Started,,,
ADMUX-0111,W02,"Phase 01 — Navigation, URL & Scope Foundation",Workspace Ownership,Publish canonical workspace ownership matrix,AUX-FLOW-001,ADMUX-0001,M,High,Remove ambiguity between embedded Event/Tour panels and global workspaces.,"For each domain (Tasks, Workforce, Hiring, Logistics, Comms, Ticketing, Finance, Vendors/Contracts, Calendar) name the canonical UI, embedded-mode contract, allowed mutation ownership and return-path convention.",multiple inspected files,docs/admin/ux/CANONICAL_WORKSPACE_OWNERSHIP.md,Every duplicated domain has one documented source-of-truth UI and an approved embed/deep-link approach.,Architecture review + route/component crosswalk.,Not Started,,,
ADMUX-0201,W03,Phase 02 — Shared UI & State Platform,Admin Design System,Build canonical Admin header/scope variants,"AUX-CMP-001, AUX-A11Y-008",ADMUX-0103,L,Medium,"Standardize collection, record, workspace and settings headers.","Extend or replace AdminPageHeader with variants supporting breadcrumbs/back, scope, status, save/dirty state, primary/secondary/overflow actions and responsive behavior.",app/admin/dashboard/components/admin-page-header.tsx,components/admin/ui/admin-page-header.tsx,All migrated pages preserve page identity and one primary action from 320px through desktop; record state/scope are visible when relevant.,Story/fixture coverage; axe; responsive screenshot tests.,Not Started,,,
ADMUX-0202,W03,Phase 02 — Shared UI & State Platform,State Truthfulness,Implement universal Admin data-state contract,"AUX-CMP-002, AUX-STATE-001, AUX-STATE-002, AUX-STATE-003",ADMUX-0002,XL,High,Eliminate false-empty and false-zero behavior across Admin.,"Define typed state/result helpers for loading, ready, true-empty, filtered-empty, stale, degraded, denied and unavailable. Add canonical panel/page/metric renderers, retry behavior and one freshness vocabulary.",app/admin/dashboard/components/admin-empty-state.tsx; multiple inspected files; app/admin/dashboard/events/events-page-client.tsx; app/admin/dashboard/analytics/page.tsx,lib/admin/data/admin-data-state.ts; components/admin/states/*,No migrated P1 surface maps failed primary data to legitimate 0/empty; stale/partial data is visibly labeled; action errors do not replace healthy page state.,Fault-injection component tests; API-state fixture tests; screenshot assertions.,Not Started,,,
ADMUX-0203,W03,Phase 02 — Shared UI & State Platform,Attention & Action Center,Create reusable AttentionQueue primitive,"AUX-CMP-003, AUX-CMP-004, AUX-FLOW-008","ADMUX-0104, ADMUX-0202",L,Medium,Provide one reusable model for actionable exceptions and direct remediation.,"Support severity, count, scope, owner, due time, source domain, direct internal Link navigation and View All; preserve context.",app/admin/dashboard/components/admin-operations-index-shell.tsx; multiple inspected files,components/admin/attention/admin-attention-queue.tsx; lib/admin/attention/types.ts,More than three issues remain discoverable; internal issue navigation stays SPA-native; Dashboard can aggregate domain queues.,Seeded attention fixture; link/navigation test.,Not Started,,,
ADMUX-0204,W04,Phase 02 — Shared UI & State Platform,Shell & Accessibility,Fix nested landmarks and viewport sizing,"AUX-CMP-005, AUX-CMP-006, AUX-A11Y-001, AUX-A11Y-007",ADMUX-0201,M,Medium,Make every Admin route use one main landmark and predictable scroll ownership.,Refactor WorkforcePageShell into a nested section/container variant; remove second min-h-screen; establish min-h-0/flex scroll contracts for split-pane workspaces.,app/admin/dashboard/components/admin-dashboard-shell.tsx; components/hiring/workforce-ui.tsx; app/admin/dashboard/components/admin-unified-inbox.tsx,,Exactly one main landmark; no double-scroll on target viewports; keyboard scrolling remains predictable.,axe landmark test; 768px-height + mobile Safari scroll test.,Not Started,,,
ADMUX-0205,W04,Phase 02 — Shared UI & State Platform,Admin Design System,Converge Admin/Workforce/scheduling primitives,"AUX-CMP-007, AUX-CAL-004, AUX-TIX-011, AUX-CON-003","ADMUX-0201, ADMUX-0202",XL,Medium,Stop visual/interaction drift between Admin domains.,"Create keep/merge/deprecate matrix for headers/heroes, panels, metrics, empty states, Button/Input/Sheet/toasts and spacing. Migrate high-value consumers to shared primitives before deleting legacy variants.",app/admin/dashboard/components/*; components/hiring/workforce-ui.tsx; components/admin/admin-calendar-view.tsx; app/admin/dashboard/ticketing/page.tsx; app/admin/dashboard/contracts/page.tsx,docs/admin/ux/COMPONENT_CONVERGENCE_MATRIX.md,No new duplicate primitive family; migrated pages use the same focus/error/loading/action semantics; contracts page no longer double-pads.,Component inventory; visual regression; a11y tests.,Not Started,,,
ADMUX-0206,W04,Phase 02 — Shared UI & State Platform,Loading UX,Build structural Admin skeleton variants,"AUX-CMP-009, AUX-CAL-005, AUX-TIX-012, AUX-HIRE-004",ADMUX-0205,M,Low,Replace generic spinners/text placeholders with stable structural loading states.,"Create collection, record/workspace, table and split-pane skeletons and migrate Calendar/Ticketing/Hiring/command panels.",components/admin/operations/operations-command-shell.tsx; components/hiring/hiring-dashboard-shell.tsx; app/admin/dashboard/calendar/calendar-page-client.tsx; app/admin/dashboard/ticketing/page.tsx,,Loading preserves major geometry and avoids obvious layout jumps.,Throttled visual regression.,Not Started,,,
ADMUX-0207,W04,Phase 02 — Shared UI & State Platform,Component Architecture,Define domain-controller decomposition pattern,AUX-CMP-010,"ADMUX-0202, ADMUX-0205",M,Medium,Provide a consistent way to split oversized client orchestrators without rewriting domain logic.,"Document controller/panel boundaries, active-tab data activation, shared record context and isolated error-state ownership; apply first to Event/Tour migrations.",app/admin/dashboard/events/[id]/page.tsx; app/admin/dashboard/tours/[id]/page.tsx; components/admin/logistics-dynamic-manager.tsx; app/admin/dashboard/components/admin-unified-inbox.tsx,docs/admin/ux/DOMAIN_CONTROLLER_PATTERN.md,Event/Tour/Logistics/Comms refactors follow the same boundary rules and unrelated panel failures stay isolated.,Architecture review + profiler baseline.,Not Started,,,
ADMUX-0208,W04,Phase 02 — Shared UI & State Platform,Critical Actions,Build shared lifecycle/critical-action pattern,"AUX-STATE-004, AUX-EVT-016","ADMUX-0201, ADMUX-0202",L,High,Make publish/cancel/archive/delete/refund/settlement transitions predictable and consequence-aware.,"Create CriticalActionDialog/LifecycleAction components with target scope, allowed transition, readiness/blockers, consequence preview, required confirmation, audit metadata and success/undo guidance when available.",app/admin/dashboard/events/[id]/page.tsx; app/admin/dashboard/tours/[id]/page.tsx; app/admin/dashboard/finances/page.tsx; app/admin/dashboard/ticketing/page.tsx,components/admin/actions/critical-action-dialog.tsx; components/admin/actions/lifecycle-action.tsx,High-impact mutations never occur from an unexplained generic select/button; blocked transitions explain why.,Lifecycle transition tests; keyboard/focus tests.,Not Started,,,
ADMUX-0209,W04,Phase 02 — Shared UI & State Platform,Accessibility Primitives,"Standardize touch, icon-action and reduced-motion behavior","AUX-A11Y-003, AUX-A11Y-004, AUX-A11Y-005",ADMUX-0205,M,Low,Make compact Admin controls usable and understandable across touch and assistive technology.,"Add IconActionButton/Tooltip contract, responsive touch-size variants and reduced-motion utilities; migrate cards, Staff tabs and Inbox micro-actions.",app/admin/dashboard/components/admin-unified-inbox.tsx; app/admin/dashboard/finances/page.tsx; components/admin/operations/tour-operations-card.tsx; components/admin/operations/event-operations-card.tsx; components/hiring/staff-operations-tabs.tsx,components/admin/ui/icon-action-button.tsx; lib/admin/ui/motion.ts,Icon-only controls have accessible names/tooltips; critical mobile controls meet comfortable target sizes; Reduce Motion disables decorative movement.,axe; touch-target scan; prefers-reduced-motion test.,Not Started,,,
ADMUX-0210,W04,Phase 02 — Shared UI & State Platform,Responsive Data Tables,Create canonical responsive AdminDataTable,AUX-A11Y-006,ADMUX-0205,L,Medium,Provide one table/list behavior for dense Admin data on desktop and mobile.,"Support column priority, sticky key/action columns, compact mobile row cards/detail, sorting, filters, pagination and accessible overflow cues.",app/admin/dashboard/ticketing/page.tsx,components/admin/data/admin-data-table/*,Representative order/finance tables remain operable at 375px without hidden critical actions.,Responsive table fixture tests; keyboard/table semantics.,Not Started,,,
ADMUX-0301,W05,Phase 03 — Collection Platform,Tours Collection,Replace Tour saved-view prompt and unify collection toolbar,"AUX-TOUR-001, AUX-TOUR-005, AUX-TOUR-006, AUX-TOUR-007","ADMUX-0104, ADMUX-0201, ADMUX-0205",L,Medium,Make Tour saved views and collection controls production-grade.,"Add in-product save-view dialog with personal/org ownership, default/duplicate handling; expose View all drafts; separate view controls, filters/sort and selection-only bulk actions.",app/admin/dashboard/tours/tours-page-client.tsx,,No browser prompt; all drafts discoverable; view state is understandable and shareable.,Saved-view permission/duplicate tests; toolbar task test.,Not Started,,,
ADMUX-0302,W05,Phase 03 — Collection Platform,Tours Collection,"Add Tour pagination, compact mode and authoritative KPIs","AUX-TOUR-003, AUX-TOUR-004, AUX-TOUR-008, AUX-TOUR-009, AUX-TOUR-010","ADMUX-0106, ADMUX-0202, ADMUX-0210",XL,High,Make Tour portfolio accurate and usable beyond 100 records.,"Introduce server paging/infinite loading, compact/table density, server-scope KPI summary, unavailable metric states and one-primary-action card behavior.",app/admin/dashboard/tours/tours-page-client.tsx; components/admin/operations/tour-operations-card.tsx,,115th tour is discoverable; KPIs match authoritative totals; failed logistics metrics never render as 0%; card actions are accessible.,>120 record tests; KPI parity; fault injection; mobile card/table tests.,Not Started,,,
ADMUX-0303,W05,Phase 03 — Collection Platform,Events Collection,"Add Event pagination, compact mode and trustworthy cards","AUX-EVT-001, AUX-EVT-002, AUX-EVT-006, AUX-EVT-007, AUX-EVT-008","ADMUX-0104, ADMUX-0202, ADMUX-0210",XL,High,"Make Event portfolio scalable, dense and truthful.","Add server paging/compact view, unavailable logistics state, accessible card action hierarchy and safe date handling.",app/admin/dashboard/events/events-page-client.tsx; components/admin/operations/event-operations-card.tsx,,115th event is discoverable; invalid dates never leak; failed metrics are not zeros; mobile actions remain clear.,>120 record tests; invalid-date fixture; fault injection; accessibility.,Not Started,,,
ADMUX-0304,W05,Phase 03 — Collection Platform,Events Collection,Fix Event attention/export/draft workflows,"AUX-EVT-003, AUX-EVT-004, AUX-EVT-005","ADMUX-0203, ADMUX-0303",M,Medium,Make collection-level exception and support actions behave as labeled.,Needs Attention opens a real attention filter/queue; export failure stays action-scoped; draft recovery exposes full draft set.,app/admin/dashboard/events/events-page-client.tsx,,Attention result set is correct; failed export leaves collection healthy; all drafts are reachable.,Attention filter test; export fault test; >3 drafts.,Not Started,,,
ADMUX-0305,W06,Phase 03 — Collection Platform,Ticket Orders,Consolidate Ticketing order tables and authoritative export,"AUX-TIX-007, AUX-TIX-008, AUX-TIX-009","ADMUX-0110, ADMUX-0210",L,High,Turn Ticketing transactions into a real searchable order ledger.,"Replace duplicate All/Completed/Refunded tables with one server-paged AdminDataTable, status views and scoped server export.",app/admin/dashboard/ticketing/page.tsx,,30th+ order is searchable; refund view uses same row/action model; CSV includes complete scoped data and escapes fields correctly.,Order search/paging/refund/export tests.,Not Started,,,
ADMUX-0306,W06,Phase 03 — Collection Platform,Finance Ledger,Build canonical Finance ledger and authoritative export/time series,"AUX-FIN-003, AUX-FIN-004, AUX-FIN-008","ADMUX-0110, ADMUX-0202, ADMUX-0210",XL,High,Replace recent-card finance browsing with a complete ledger/reporting surface.,"Use server-paged finance table, authoritative server export and aggregate time-series endpoint rather than recentTransactions-derived charts.",app/admin/dashboard/finances/page.tsx,,200-record ledger is searchable; export/time series match authoritative scope/date data.,Paging/search; CSV escaping/completeness; time-series parity.,Not Started,,,
ADMUX-0307,W06,Phase 03 — Collection Platform,KPI Contracts,Publish KPI coverage/source-of-truth matrix,"AUX-FLOW-006, AUX-ANL-006",ADMUX-0202,L,High,"Make every Admin metric explicit about scope, coverage and freshness.","Inventory Dashboard/Tours/Events/Logistics/Ticketing/Finance/Analytics KPIs, identify authoritative summary endpoints, remove client-page aggregates from organization-total labels, and attach freshness/coverage semantics.",multiple inspected files; app/admin/dashboard/analytics/page.tsx,docs/admin/ux/KPI_SOURCE_OF_TRUTH_MATRIX.md,No organization-level KPI is computed from a paged visible subset unless explicitly labeled; chart coverage is documented/tested.,Seed beyond page limits; compare API summaries to DB fixtures.,Not Started,,,
ADMUX-0401,W07,Phase 04 — Dashboard Command Center,Dashboard UX,Rebuild Dashboard information hierarchy,"AUX-DASH-001, AUX-DASH-011, AUX-DASH-012","ADMUX-0201, ADMUX-0203",L,Medium,Make Dashboard answer 'what needs attention?' and 'what should I do next?' immediately.,"Use canonical header, place Action/Attention queue first, then today's next actions, compact KPIs and secondary insights; remove repeated widgets across tabs.",app/admin/dashboard/components/optimized-dashboard-client.tsx,,5-second test reliably identifies urgent work and next action; no repeated global widget blocks.,Usability test; visual regression.,Not Started,,,
ADMUX-0402,W07,Phase 04 — Dashboard Command Center,Freshness & Realtime,Unify Dashboard live/freshness status,AUX-DASH-002,ADMUX-0202,M,Medium,Prevent stale Dashboard data from looking live.,Replace independent green 'Live Updates' cue/status widgets with the canonical freshness state tied to actual subscription/refetch health.,app/admin/dashboard/components/optimized-dashboard-client.tsx,,Disconnecting realtime visibly changes status; last successful update remains available.,Realtime disconnect/reconnect fixture.,Not Started,,,
ADMUX-0403,W07,Phase 04 — Dashboard Command Center,Dashboard Actions,Fix task and mini-calendar interactions,"AUX-DASH-005, AUX-DASH-006, AUX-DASH-007, AUX-DASH-008, AUX-DASH-009","ADMUX-0202, ADMUX-0203",L,High,Make Dashboard task/calendar affordances truthful and directly actionable.,Gate tasks on acting context; distinguish unavailable vs empty; route View All to canonical Task/Action center; make calendar dates open canonical day view or remove fake affordance; use recognizable mini-month/timeline with accessible event counts.,app/admin/dashboard/components/optimized-dashboard-client.tsx,,Task API failure never shows all-clear; View All reaches all task domains; every pointer-styled date works; calendar meaning is available without color/hover.,Fault injection; pointer/keyboard tests; mobile calendar test.,Not Started,,,
ADMUX-0501,W08,Phase 05 — Event & Tour Workspaces,Workspace Navigation,Build hierarchical Admin workspace navigation,"AUX-CMP-008, AUX-FLOW-009, AUX-A11Y-002","ADMUX-0001, ADMUX-0104, ADMUX-0201",XL,High,Replace 7–16 peer tabs with a reusable primary/secondary workspace hierarchy.,"Create responsive workspace navigation supporting primary domains, secondary subviews, More/overflow, counts/attention badges, keyboard navigation and canonical URL state. Preserve existing deep links through mapping.",components/admin/operations/operations-command-shell.tsx; multiple inspected files; app/admin/dashboard/organization/page.tsx; app/admin/dashboard/ticketing/page.tsx,components/admin/workspace/admin-workspace-nav.tsx,Event/Organization/Ticketing workspaces no longer render massive tab walls on mobile; all legacy tab URLs resolve to the correct new location.,Keyboard/tab semantics; 375px first-click tests; deep-link alias matrix.,Not Started,,,
ADMUX-0502,W08,Phase 05 — Event & Tour Workspaces,Tour Record,Refactor Tour record shell and task hierarchy,"AUX-TOUR-011, AUX-TOUR-012","ADMUX-0207, ADMUX-0501",XL,High,Keep Tour's strong lazy-domain contracts while reducing record-page complexity.,Move record identity/status/actions into shared record shell; split domain controllers; group Shows/People/Partners/Money/Operations/Calendar according to approved IA while keeping deferred bundle contracts.,app/admin/dashboard/tours/[id]/page.tsx; lib/admin/tour-command-center-tabs.ts,,Overview loads without unnecessary editor bundles; domain failure is isolated; common tasks need fewer first-level choices.,Bundle/network profile; domain failure tests; first-click study.,Not Started,,,
ADMUX-0503,W08,Phase 05 — Event & Tour Workspaces,Event Record,Refactor Event record shell and top-level hierarchy,"AUX-EVT-009, AUX-EVT-010","ADMUX-0207, ADMUX-0501",XL,High,Turn the 13-tab Event mega-page into a focused record command center.,"Create shared event record shell, split domain controllers, map current 13 tabs into approved primary/secondary groups and preserve every deep link.",lib/admin/event-ops-tabs.ts; components/admin/operations/operations-command-shell.tsx; app/admin/dashboard/events/[id]/page.tsx,,Mobile navigation is compact; active domain data loads independently; no event identity/status/action duplication.,Network/effect profile; deep-link matrix; mobile first-click tests.,Not Started,,,
ADMUX-0504,W09,Phase 05 — Event & Tour Workspaces,Event Data States,Make Event child-domain failure states explicit,"AUX-EVT-011, AUX-EVT-012, AUX-EVT-013, AUX-EVT-014","ADMUX-0202, ADMUX-0503",L,High,Stop Event detail from silently translating domain failures into empty content.,"Use record skeleton/not-found/denied variants and per-panel result handling for tasks, staff, vendors, finance, notifications and analytics; check response.ok before parsing; keep sibling panels healthy.",app/admin/dashboard/events/[id]/page.tsx,,403/500 in one child domain never makes it look empty and never blocks unrelated domains.,Fault-injection matrix; 404/403; visual state snapshots.,Not Started,,,
ADMUX-0505,W09,Phase 05 — Event & Tour Workspaces,Event Actions,Improve Event duplicate and coordinator action semantics,"AUX-EVT-015, AUX-EVT-017, AUX-FLOW-002","ADMUX-0208, ADMUX-0503",M,Medium,Make Event actions accurately predict and preview what happens.,Add duplicate preview preserving duration and copy/reset scope; rename navigation-only actions to Open/View or directly open the create flow; prioritize 3–5 next-best actions.,app/admin/dashboard/events/[id]/page.tsx; app/admin/dashboard/components/optimized-dashboard-client.tsx,,Duplicate retains intended duration; labels match outcome; coordinator action panel no longer acts as a feature list.,Duplicate fixtures; click-outcome audit.,Not Started,,,
ADMUX-0506,W09,Phase 05 — Event & Tour Workspaces,Event People & Logistics,Turn Event People/Logistics into scoped canonical workspaces,"AUX-EVT-018, AUX-EVT-019","ADMUX-0111, ADMUX-0503",L,High,Remove multi-workspace scrolling and ambiguous logistics ownership inside Event.,Use secondary People navigation for Schedule/Roster/Jobs/Participants. Mount or deep-link the canonical Logistics workspace in event-scoped mode with stable breadcrumbs/return path.,app/admin/dashboard/events/[id]/page.tsx; app/admin/dashboard/logistics/logistics-page-client.tsx,,Create shift/review roster/post job require a focused subview; editing logistics from Event/global reaches the same model and returns predictably.,Cross-entry mutation test; mobile task test.,Not Started,,,
ADMUX-0601,W10,"Phase 06 — Workforce, Hiring & Governance",Staff Operations,Refine Staff mobile navigation and scheduling hierarchy,"AUX-WRK-001, AUX-WRK-002, AUX-WRK-004","ADMUX-0209, ADMUX-0501",L,Medium,Make Staff Operations clear on mobile and exception-driven on desktop.,"Keep accessible tab labels, make Scheduler the primary scheduling workspace, surface conflict/attendance/uncovered counts as badges/drawers, and retain direct Create Shift/Message Teams actions.",components/hiring/staff-operations-tabs.tsx,,Mobile tabs are named; creating a shift does not require scrolling through exception panels; conflicts/uncovered work are visible before opening subviews.,Mobile a11y; scheduling task test.,Not Started,,,
ADMUX-0602,W10,"Phase 06 — Workforce, Hiring & Governance",Hiring,Rebuild Hiring page identity and funnel hierarchy,"AUX-HIRE-002, AUX-HIRE-003, AUX-HIRE-005","ADMUX-0201, ADMUX-0501",L,Medium,Make Hiring read as a focused funnel instead of a generic tab strip.,Add canonical employer-scoped header/Create Job action; prioritize Jobs→Applications→Onboarding→Roster; move Templates/Audit to secondary administration; make healthy SLO compact and degraded SLO prominent.,components/hiring/hiring-dashboard-shell.tsx,,Deep-link user can identify employer and primary task immediately; low-frequency administration does not compete with funnel work.,First-click study; healthy/degraded visual tests.,Not Started,,,
ADMUX-0603,W10,"Phase 06 — Workforce, Hiring & Governance",Organization Governance,Reorganize Organization's 16-tab governance surface,"AUX-ORG-001, AUX-ORG-002, AUX-ORG-003, AUX-ORG-004, AUX-ORG-005, AUX-ORG-006","ADMUX-0101, ADMUX-0501",XL,High,Separate organization governance/configuration from operational workspaces.,"Group Profile/Team, Access/Security, Operational Defaults, Commerce, Data/Compliance/System into secondary nav; distinguish configure vs operate; normalize unauthorized deep links; replace silent disabled tabs with locked/help or hidden states; fix no-org remediation.",app/admin/dashboard/organization/page.tsx; app/admin/dashboard/components/optimized-sidebar.tsx,,Owner/admin common tasks have clear first clicks; lower-permission users understand locked capability; no-org CTA solves scope; direct restricted URLs normalize safely.,Persona capability matrix; deep-link tests; first-click study.,Not Started,,,
ADMUX-0701,W11,Phase 07 — Logistics & Communications,Logistics Architecture,Clarify Logistics taxonomy and lazy data contracts,"AUX-LOG-001, AUX-LOG-002","ADMUX-0501, ADMUX-0207",L,High,Make Logistics terminology predictable and reduce initial request fanout.,Adopt approved Transport/Travel/Lodging/Equipment/Backline/Catering/Comms/Site hierarchy; define per-tab summary hydration and on-activate endpoints similar to Tour command-center contracts.,app/admin/dashboard/logistics/logistics-page-client.tsx,,Overview no longer fetches full data for unused domains; first-click task mapping matches live-event terminology.,Network profile; first-click test.,Not Started,,,
ADMUX-0702,W11,Phase 07 — Logistics & Communications,Logistics Command Center,Make Logistics scope and metrics truthful/actionable,"AUX-LOG-003, AUX-LOG-004, AUX-LOG-006, AUX-LOG-011","ADMUX-0202, ADMUX-0103",L,High,Turn Logistics Overview into a scope-safe exception command center.,Use canonical hierarchical scope breadcrumb; attach state/freshness to each metric; prioritize blockers/next movements and compact domain health; remove false Not Started/No Bookings on failed data.,app/admin/dashboard/logistics/logistics-page-client.tsx,,Operator can identify exact org→tour→event→leg scope; failed source never renders valid zero/not-started; next movement is obvious.,Multi-scope test; fault injection; 5-second test.,Not Started,,,
ADMUX-0703,W11,Phase 07 — Logistics & Communications,Canonical Logistics Workspace,Consolidate duplicate Transport/Travel/Comms/Event logistics surfaces,"AUX-LOG-005, AUX-LOG-007, AUX-LOG-008, AUX-LOG-009, AUX-LOG-010, AUX-LOG-012","ADMUX-0111, ADMUX-0701",XL,High,Eliminate parallel domain editors and long stacked travel/comms pages.,"Choose canonical transport editor, split Travel/Lodging or create focused subviews, define Message/Broadcast/Logistics-note taxonomy, rename/aggregate timeline accurately, and expose degraded event-owner/thread metadata when capabilities depend on it.",app/admin/dashboard/logistics/logistics-page-client.tsx; app/admin/dashboard/events/[id]/page.tsx,,One clear editor per entity class; Travel tasks stay focused; communications concepts are distinguishable; timeline title matches content.,Cross-editor parity test; travel/comms first-click tests; metadata-failure test.,Not Started,,,
ADMUX-0704,W12,Phase 07 — Logistics & Communications,Communications,Implement responsive unread-first Inbox,"AUX-COM-001, AUX-COM-002, AUX-COM-003, AUX-COM-004, AUX-COM-006","ADMUX-0204, ADMUX-0110",XL,High,Make the unified inbox a real desktop/mobile operational communication tool.,Desktop split-pane with flexible height; mobile list→conversation navigation; render unread counts/weight and filters; add inbox search/sections; update non-selected conversation metadata in realtime or expose freshness.,app/admin/dashboard/components/admin-unified-inbox.tsx,,30-conversation mobile flow remains usable; unread work is visible without opening threads; new message elsewhere updates inbox metadata.,Mobile viewport tests; realtime unread test; keyboard scroll.,Not Started,,,
ADMUX-0705,W12,Phase 07 — Logistics & Communications,Communications,Upgrade voice-note and attachment trust UX,"AUX-COM-007, AUX-COM-008, AUX-COM-009","ADMUX-0209, ADMUX-0704",L,High,"Make message attachments/voice notes reviewable, accessible and private by default.",Add recording duration/cancel/preview/remove/upload progress; enlarge accessible pending-file remove controls; move operational attachments to private authorized/signed retrieval according to security plan.,app/admin/dashboard/components/admin-unified-inbox.tsx,,Voice note can be canceled/reviewed before send; touch controls are usable; unauthenticated attachment access is rejected.,Microphone-denied/cancel/preview tests; unauthenticated attachment negative test.,Not Started,,,
ADMUX-0801,W13,"Phase 08 — Ticketing, Finance & Vendors",Ticketing Workspace,Reorganize Ticketing and lazy-load domain data,"AUX-TIX-001, AUX-TIX-003, AUX-TIX-004, AUX-TIX-005, AUX-TIX-010","ADMUX-0501, ADMUX-0202",XL,High,Replace the 12-tab ticketing feature inventory with a workflow-oriented workspace.,"Group Setup/Inventory, Sales/Orders, Admissions/Guests, Marketing and Reporting/Settings; load summary first and domain data on activation; move read-model/ledger diagnostics into relevant subviews; require concrete verified Event metadata for sharing.",app/admin/dashboard/ticketing/page.tsx,,Initial request fanout drops; child failure is explicit; first-click ticketing tasks improve; All Events cannot generate synthetic event sharing.,Network profile; child failure matrix; ticketing first-click tests.,Not Started,,,
ADMUX-0802,W13,"Phase 08 — Ticketing, Finance & Vendors",Finance Workspace,Make Finance truthful and task-oriented,"AUX-FIN-001, AUX-FIN-005, AUX-FIN-006, AUX-FIN-007","ADMUX-0202, ADMUX-0306",XL,High,"Make Finance clearly distinguish authoritative data, exceptions and canonical budget/settlement workflows.",Never render zero KPI after failed primary load; prioritize reconciliation/next actions; consolidate legacy budget cards/dialog into versioned workspace after parity; show human-readable settlement identity.,app/admin/dashboard/finances/page.tsx,,Finance failure is visibly unavailable/stale; one budget flow remains; settlement can be identified by event/tour name/date.,Finance fault injection; budget parity; settlement lookup test.,Not Started,,,
ADMUX-0803,W13,"Phase 08 — Ticketing, Finance & Vendors",Vendors & Contracts,Clarify Vendor Master/Contract ownership and naming,"AUX-CON-002, AUX-CON-004","ADMUX-0111, ADMUX-0101",M,Medium,"Make vendor identity, assignment, contract and governance boundaries understandable.","Choose canonical parent label/route alias; define Vendor Master as identity/compliance source, Event/Tour vendor panels as scoped assignments, Contracts as legal/commercial records and Organization tab as governance/defaults.",app/admin/dashboard/contracts/page.tsx; components/admin/event-vendor-manager.tsx; components/admin/tour-vendor-manager.tsx; app/admin/dashboard/organization/page.tsx,,Add vendor→assign→contract→obligation flow is understandable and uses one vendor identity.,Cross-surface journey test; route label test.,Not Started,,,
ADMUX-0901,W14,Phase 09 — Analytics & Data Trust,Analytics,"Fix Analytics failure, export and realtime scope","AUX-ANL-001, AUX-ANL-002, AUX-ANL-003, AUX-ANL-005, AUX-ANL-007","ADMUX-0202, ADMUX-0307",XL,High,Make analytics trustworthy enough for management decisions.,Replace EMPTY_STATS-on-failure with unavailable/stale states; pass acting context to export; surface export failures; explicitly scope realtime activity to active organization and show freshness; suppress invalid derived visuals when primary stats are unavailable.,app/admin/dashboard/analytics/page.tsx,,Stats failure never looks zero; Org A export/live feed never leaks Org B; export errors are actionable.,Two-org realtime/export tests; primary stats fault injection.,Not Started,,,
ADMUX-1001,W15,Phase 10 — Mobile & Accessibility Hardening,Mobile/A11y,Run and close cross-surface mobile/a11y migration,,"ADMUX-0204, ADMUX-0209, ADMUX-0210, ADMUX-0501, ADMUX-0704",L,High,Close remaining cross-surface responsive accessibility gaps after shared primitives land.,"Audit every migrated major workspace at 320/375/390/768 widths, 200% zoom, keyboard-only and screen-reader. Fix remaining table overflow, focus order, touch targets, action overflow and scroll ownership.",,tests/e2e/admin-accessibility/*,No critical/serious axe violations in target routes; all launch-critical workflows are keyboard and mobile operable; responsive tables preserve key identity/actions.,axe; screen-reader scripts; Playwright viewport suite.,Not Started,,,
ADMUX-1101,W16,Phase 11 — Runtime Verification & Rollout,Runtime UX Verification,Execute authenticated cross-persona UX journeys,AUX-FLOW-010,"ADMUX-0302, ADMUX-0303, ADMUX-0403, ADMUX-0506, ADMUX-0603, ADMUX-0705, ADMUX-0802, ADMUX-0901, ADMUX-1001",XL,High,Prove that the redesigned Admin works across real account/persona boundaries.,"Run deterministic Admin→Worker, Admin→Artist, vendor/contract, ticket refund→finance, communications, multi-org scope and mobile journeys. Capture URL/scope transitions, feedback, failure recovery and accessibility evidence.",multiple routes,,"Every launch-critical persona journey passes with no ambiguous scope, false-empty state, broken Back behavior or inaccessible control.",Full runtime UX scenario suite; video/screenshots/network logs.,Not Started,,,
ADMUX-1102,W17,Phase 11 — Runtime Verification & Rollout,Rollout,Feature-flag and migrate high-risk UX architecture,,ADMUX-1101,L,High,Roll out navigation/workspace changes without stranding deep links or active organizations.,"Use route aliases and feature flags for IA/workspace migrations, add analytics for old/new route use, stage rollout by internal/test organizations, and remove legacy UI only after parity + usage verification.",,lib/feature-flags/admin-ux-*; docs/admin/ux/ROLLOUT.md,Legacy bookmarked URLs still work during migration; rollback can restore prior workspace; no data-model destructive migration is required solely for UI changes.,Flag off/on smoke; alias tests; rollback drill.,Not Started,,,
