version,migration_name,classification,canonical_active_match,archived_path
20250120000000,event_social_features,duplicate_version_noncanonical,20250120000000_extend_artist_jobs_for_collaborations.sql,supabase/migration-archive/pre-reconciliation-local-only-2026-08-20/20250120000000_event_social_features.sql
20250818122000,job_board_core,duplicate_version_noncanonical,20250818122000_logistics_tasks_align.sql,supabase/migration-archive/pre-reconciliation-local-only-2026-08-20/20250818122000_job_board_core.sql
20260416061730,reconcile_onboarding_columns_for_signup_trigger,local_only_unapplied,,supabase/migration-archive/pre-reconciliation-local-only-2026-08-20/20260416061730_reconcile_onboarding_columns_for_signup_trigger.sql
20260423190222,ensure_artist_job_categories_seed,local_only_unapplied,,supabase/migration-archive/pre-reconciliation-local-only-2026-08-20/20260423190222_ensure_artist_job_categories_seed.sql
20260424193000,rebuild_legacy_table_map_comments,local_only_unapplied,,supabase/migration-archive/pre-reconciliation-local-only-2026-08-20/20260424193000_rebuild_legacy_table_map_comments.sql
20260520220000,event_bulletins_rls_dedup,local_only_unapplied,,supabase/migration-archive/pre-reconciliation-local-only-2026-08-20/20260520220000_event_bulletins_rls_dedup.sql
20260520221000,dm_notification_fanout,local_only_unapplied,,supabase/migration-archive/pre-reconciliation-local-only-2026-08-20/20260520221000_dm_notification_fanout.sql
20260520222000,dm_trust_model,local_only_unapplied,,supabase/migration-archive/pre-reconciliation-local-only-2026-08-20/20260520222000_dm_trust_model.sql
20260520223000,job_postings_allow_applicant_messages,superseded_conflicting_variant,20260701021012_job_postings_allow_applicant_messages.sql,supabase/migration-archive/pre-reconciliation-local-only-2026-08-20/20260520223000_job_postings_allow_applicant_messages.sql
20260520224000,group_threads_model,local_only_unapplied,,supabase/migration-archive/pre-reconciliation-local-only-2026-08-20/20260520224000_group_threads_model.sql
20260520225000,event_group_notify_fanout,local_only_unapplied,,supabase/migration-archive/pre-reconciliation-local-only-2026-08-20/20260520225000_event_group_notify_fanout.sql
20260526100000,profiles_role_column,local_only_unapplied,,supabase/migration-archive/pre-reconciliation-local-only-2026-08-20/20260526100000_profiles_role_column.sql
20260526100100,group_threads_rls_security_definer,local_only_unapplied,,supabase/migration-archive/pre-reconciliation-local-only-2026-08-20/20260526100100_group_threads_rls_security_definer.sql
20260526100200,messages_rls_tighten,local_only_unapplied,,supabase/migration-archive/pre-reconciliation-local-only-2026-08-20/20260526100200_messages_rls_tighten.sql
20260526100300,resolve_message_context_v2,local_only_unapplied,,supabase/migration-archive/pre-reconciliation-local-only-2026-08-20/20260526100300_resolve_message_context_v2.sql
20260526100400,send_dm_request_function,local_only_unapplied,,supabase/migration-archive/pre-reconciliation-local-only-2026-08-20/20260526100400_send_dm_request_function.sql
20260529102000,site_map_realtime_publication,local_only_unapplied,,supabase/migration-archive/pre-reconciliation-local-only-2026-08-20/20260529102000_site_map_realtime_publication.sql
20260529103000,site_map_task_assignments_v2,local_only_unapplied,,supabase/migration-archive/pre-reconciliation-local-only-2026-08-20/20260529103000_site_map_task_assignments_v2.sql
20260529104000,site_map_templates_and_scale,local_only_unapplied,,supabase/migration-archive/pre-reconciliation-local-only-2026-08-20/20260529104000_site_map_templates_and_scale.sql
20260529105000,site_map_public_share_tokens,local_only_unapplied,,supabase/migration-archive/pre-reconciliation-local-only-2026-08-20/20260529105000_site_map_public_share_tokens.sql
20260602100000,ticketing_extended_tables,local_only_unapplied,,supabase/migration-archive/pre-reconciliation-local-only-2026-08-20/20260602100000_ticketing_extended_tables.sql
20260602110000,advancing_and_daysheets,local_only_unapplied,,supabase/migration-archive/pre-reconciliation-local-only-2026-08-20/20260602110000_advancing_and_daysheets.sql
20260602120000,unified_staff_roster,local_only_unapplied,,supabase/migration-archive/pre-reconciliation-local-only-2026-08-20/20260602120000_unified_staff_roster.sql
20260602130000,settlements,local_only_unapplied,,supabase/migration-archive/pre-reconciliation-local-only-2026-08-20/20260602130000_settlements.sql
20260602140000,ticket_checkin_columns,local_only_unapplied,,supabase/migration-archive/pre-reconciliation-local-only-2026-08-20/20260602140000_ticket_checkin_columns.sql
20260602150000,message_attachments_realtime,local_only_unapplied,,supabase/migration-archive/pre-reconciliation-local-only-2026-08-20/20260602150000_message_attachments_realtime.sql
20260604100000,content_moderation,local_only_unapplied,,supabase/migration-archive/pre-reconciliation-local-only-2026-08-20/20260604100000_content_moderation.sql
20260604200000,admin_audit_log,local_only_unapplied,,supabase/migration-archive/pre-reconciliation-local-only-2026-08-20/20260604200000_admin_audit_log.sql
20260604210000,rls_hardening,local_only_unapplied,,supabase/migration-archive/pre-reconciliation-local-only-2026-08-20/20260604210000_rls_hardening.sql
20260605100000,logistics_vendors,local_only_unapplied,,supabase/migration-archive/pre-reconciliation-local-only-2026-08-20/20260605100000_logistics_vendors.sql
20260605110000,performance_indexes_roster_view,local_only_unapplied,,supabase/migration-archive/pre-reconciliation-local-only-2026-08-20/20260605110000_performance_indexes_roster_view.sql
20260607120000,account_relationships_ownership_rls,local_only_unapplied,,supabase/migration-archive/pre-reconciliation-local-only-2026-08-20/20260607120000_account_relationships_ownership_rls.sql
20260609000000,user_sessions_entity_profile_id,local_only_unapplied,,supabase/migration-archive/pre-reconciliation-local-only-2026-08-20/20260609000000_user_sessions_entity_profile_id.sql
20260609000100,posts_acting_entity_columns,local_only_unapplied,,supabase/migration-archive/pre-reconciliation-local-only-2026-08-20/20260609000100_posts_acting_entity_columns.sql
20260609000200,employment_assignments,local_only_unapplied,,supabase/migration-archive/pre-reconciliation-local-only-2026-08-20/20260609000200_employment_assignments.sql
20260609000300,artist_profiles_persona_kind,local_only_unapplied,,supabase/migration-archive/pre-reconciliation-local-only-2026-08-20/20260609000300_artist_profiles_persona_kind.sql
20260609000400,notifications_target_profile,local_only_unapplied,,supabase/migration-archive/pre-reconciliation-local-only-2026-08-20/20260609000400_notifications_target_profile.sql
20260609000500,posts_acting_entity_rls,local_only_unapplied,,supabase/migration-archive/pre-reconciliation-local-only-2026-08-20/20260609000500_posts_acting_entity_rls.sql
20260610000000,role_templates,local_only_unapplied,,supabase/migration-archive/pre-reconciliation-local-only-2026-08-20/20260610000000_role_templates.sql
20260610000100,acting_context_snapshots,local_only_unapplied,,supabase/migration-archive/pre-reconciliation-local-only-2026-08-20/20260610000100_acting_context_snapshots.sql
20260610000200,event_zones,local_only_unapplied,,supabase/migration-archive/pre-reconciliation-local-only-2026-08-20/20260610000200_event_zones.sql
20260610000300,credentials,local_only_unapplied,,supabase/migration-archive/pre-reconciliation-local-only-2026-08-20/20260610000300_credentials.sql
20260618120000,fix_job_applications_status_check,local_only_unapplied,,supabase/migration-archive/pre-reconciliation-local-only-2026-08-20/20260618120000_fix_job_applications_status_check.sql
20260622220000,restore_artist_job_categories_public_read,local_only_unapplied,,supabase/migration-archive/pre-reconciliation-local-only-2026-08-20/20260622220000_restore_artist_job_categories_public_read.sql
20260622223000,restore_artist_jobs_rls_policies,local_only_unapplied,,supabase/migration-archive/pre-reconciliation-local-only-2026-08-20/20260622223000_restore_artist_jobs_rls_policies.sql
20260622224500,restore_artist_job_applications_rls_policies,local_only_unapplied,,supabase/migration-archive/pre-reconciliation-local-only-2026-08-20/20260622224500_restore_artist_job_applications_rls_policies.sql
20260625000000,polymorphic_hiring_entity,local_only_unapplied,,supabase/migration-archive/pre-reconciliation-local-only-2026-08-20/20260625000000_polymorphic_hiring_entity.sql
20260625010000,seed_global_staff_onboarding_templates,local_only_unapplied,,supabase/migration-archive/pre-reconciliation-local-only-2026-08-20/20260625010000_seed_global_staff_onboarding_templates.sql
20260625020000,staff_onboarding_storage_compliance,local_only_unapplied,,supabase/migration-archive/pre-reconciliation-local-only-2026-08-20/20260625020000_staff_onboarding_storage_compliance.sql
20260630120000,site_map_ops_live_fields,local_only_unapplied,,supabase/migration-archive/pre-reconciliation-local-only-2026-08-20/20260630120000_site_map_ops_live_fields.sql
20260630121000,site_map_rls_hardening,local_only_unapplied,,supabase/migration-archive/pre-reconciliation-local-only-2026-08-20/20260630121000_site_map_rls_hardening.sql
20260630211500,operations_work_mode_publications,local_only_unapplied,,supabase/migration-archive/pre-reconciliation-local-only-2026-08-20/20260630211500_operations_work_mode_publications.sql
20260630214500,logistics_team_communications_scope,local_only_unapplied,,supabase/migration-archive/pre-reconciliation-local-only-2026-08-20/20260630214500_logistics_team_communications_scope.sql
20260630220000,seed_admin_rbac_permissions,superseded_conflicting_variant,20260630231800_seed_admin_rbac_permissions.sql,supabase/migration-archive/pre-reconciliation-local-only-2026-08-20/20260630220000_seed_admin_rbac_permissions.sql
20260630230000,job_application_profile_snapshot,superseded_conflicting_variant,20260701021033_job_application_profile_snapshot.sql,supabase/migration-archive/pre-reconciliation-local-only-2026-08-20/20260630230000_job_application_profile_snapshot.sql
20260630230500,job_posting_wizard_fields,superseded_conflicting_variant,20260701000327_job_posting_wizard_fields.sql,supabase/migration-archive/pre-reconciliation-local-only-2026-08-20/20260630230500_job_posting_wizard_fields.sql
20260630231500,job_applications_nullable_venue,local_only_unapplied,,supabase/migration-archive/pre-reconciliation-local-only-2026-08-20/20260630231500_job_applications_nullable_venue.sql
20260630233000,polymorphic_hiring_nullable_venue,superseded_conflicting_variant,20260701022934_polymorphic_hiring_nullable_venue.sql,supabase/migration-archive/pre-reconciliation-local-only-2026-08-20/20260630233000_polymorphic_hiring_nullable_venue.sql
20260630234000,relax_hiring_approval_gate,superseded_conflicting_variant,20260701024346_relax_hiring_approval_gate.sql,supabase/migration-archive/pre-reconciliation-local-only-2026-08-20/20260630234000_relax_hiring_approval_gate.sql
20260630235000,hiring_onboarding_candidate_links,superseded_conflicting_variant,20260701032519_hiring_onboarding_candidate_links.sql,supabase/migration-archive/pre-reconciliation-local-only-2026-08-20/20260630235000_hiring_onboarding_candidate_links.sql
20260630236000,seed_base_onboarding_templates,invalid_timestamp_local_only,,supabase/migration-archive/pre-reconciliation-local-only-2026-08-20/20260630236000_seed_base_onboarding_templates.sql
20260630237000,template_parent_lineage,invalid_timestamp_local_only,,supabase/migration-archive/pre-reconciliation-local-only-2026-08-20/20260630237000_template_parent_lineage.sql
20260701000000,candidate_assignment_fields,local_only_unapplied,,supabase/migration-archive/pre-reconciliation-local-only-2026-08-20/20260701000000_candidate_assignment_fields.sql
20260702210503,account_aware_blog_publishing,local_only_unapplied,,supabase/migration-archive/pre-reconciliation-local-only-2026-08-20/20260702210503_account_aware_blog_publishing.sql
20260703001228,article_feed_linkage_and_article_updated_at,local_only_unapplied,,supabase/migration-archive/pre-reconciliation-local-only-2026-08-20/20260703001228_article_feed_linkage_and_article_updated_at.sql
20260704224927,marketplace_integrations_hardening,local_only_unapplied,,supabase/migration-archive/pre-reconciliation-local-only-2026-08-20/20260704224927_marketplace_integrations_hardening.sql
20260709194026,notifications_follow_request_hardening,superseded_conflicting_variant,20260709194210_notifications_follow_request_hardening.sql,supabase/migration-archive/pre-reconciliation-local-only-2026-08-20/20260709194026_notifications_follow_request_hardening.sql
20260709210518,worker_onboarding_profiles,superseded_conflicting_variant,20260709210901_worker_onboarding_profiles.sql,supabase/migration-archive/pre-reconciliation-local-only-2026-08-20/20260709210518_worker_onboarding_profiles.sql
20260709212151,staff_documents_nullable_legacy_venue_fks,superseded_conflicting_variant,20260709212251_staff_documents_nullable_legacy_venue_fks.sql,supabase/migration-archive/pre-reconciliation-local-only-2026-08-20/20260709212151_staff_documents_nullable_legacy_venue_fks.sql
20260709213511,staff_onboarding_candidates_submitted_status,superseded_conflicting_variant,20260709213620_staff_onboarding_candidates_submitted_status.sql,supabase/migration-archive/pre-reconciliation-local-only-2026-08-20/20260709213511_staff_onboarding_candidates_submitted_status.sql
20260710000000,perf_hiring_audit_employer_indexes,local_only_unapplied,,supabase/migration-archive/pre-reconciliation-local-only-2026-08-20/20260710000000_perf_hiring_audit_employer_indexes.sql
20260710013203,staff_onboarding_candidates_needs_revision,superseded_conflicting_variant,20260710013545_staff_onboarding_candidates_needs_revision.sql,supabase/migration-archive/pre-reconciliation-local-only-2026-08-20/20260710013203_staff_onboarding_candidates_needs_revision.sql
20260710020151,admin_tour_event_builder,local_only_unapplied,,supabase/migration-archive/pre-reconciliation-local-only-2026-08-20/20260710020151_admin_tour_event_builder.sql
20260710023852,fix_tours_rls_recursion,superseded_conflicting_variant,20260710024052_fix_tours_rls_recursion.sql,supabase/migration-archive/pre-reconciliation-local-only-2026-08-20/20260710023852_fix_tours_rls_recursion.sql
20260710030000,harden_tour_events_org_rls,superseded_conflicting_variant,20260710032640_harden_tour_events_org_rls.sql,supabase/migration-archive/pre-reconciliation-local-only-2026-08-20/20260710030000_harden_tour_events_org_rls.sql
20260710031000,harden_tour_satellite_rls,superseded_conflicting_variant,20260710032714_harden_tour_satellite_rls.sql,supabase/migration-archive/pre-reconciliation-local-only-2026-08-20/20260710031000_harden_tour_satellite_rls.sql
20260710120000,site_map_geometry_owner_rls,local_only_unapplied,,supabase/migration-archive/pre-reconciliation-local-only-2026-08-20/20260710120000_site_map_geometry_owner_rls.sql
20260710125211,fix_tour_events_event_fk_to_events_v2,superseded_conflicting_variant,20260710125120_fix_tour_events_event_fk_to_events_v2.sql,supabase/migration-archive/pre-reconciliation-local-only-2026-08-20/20260710125211_fix_tour_events_event_fk_to_events_v2.sql
20260710140000,site_map_zone_ownership,local_only_unapplied,,supabase/migration-archive/pre-reconciliation-local-only-2026-08-20/20260710140000_site_map_zone_ownership.sql
20260710192849,site_map_rls_no_recursion,superseded_conflicting_variant,20260710193033_site_map_rls_no_recursion.sql,supabase/migration-archive/pre-reconciliation-local-only-2026-08-20/20260710192849_site_map_rls_no_recursion.sql
20260710195437,employment_assignments_staff_shift_id,superseded_conflicting_variant,20260710200008_employment_assignments_staff_shift_id.sql,supabase/migration-archive/pre-reconciliation-local-only-2026-08-20/20260710195437_employment_assignments_staff_shift_id.sql
20260711013130,artist_profiles_url_slug,superseded_conflicting_variant,20260711013527_artist_profiles_url_slug.sql,supabase/migration-archive/pre-reconciliation-local-only-2026-08-20/20260711013130_artist_profiles_url_slug.sql
20260711020000,artist_event_producer,superseded_conflicting_variant,20260711024815_artist_event_producer.sql,supabase/migration-archive/pre-reconciliation-local-only-2026-08-20/20260711020000_artist_event_producer.sql
20260711152143,events_add_description_is_public,superseded_conflicting_variant,20260711152203_events_add_description_is_public.sql,supabase/migration-archive/pre-reconciliation-local-only-2026-08-20/20260711152143_events_add_description_is_public.sql
20260711153000,events_add_description_is_public,superseded_conflicting_variant,20260711152203_events_add_description_is_public.sql,supabase/migration-archive/pre-reconciliation-local-only-2026-08-20/20260711153000_events_add_description_is_public.sql
20260711154500,events_drop_conflicting_v2_status_check,superseded_conflicting_variant,20260711152643_events_drop_conflicting_v2_status_check.sql,supabase/migration-archive/pre-reconciliation-local-only-2026-08-20/20260711154500_events_drop_conflicting_v2_status_check.sql
20260711160000,fix_org_rls_recursion_and_events_audit,superseded_conflicting_variant,20260711153040_fix_org_rls_recursion_and_events_audit.sql,supabase/migration-archive/pre-reconciliation-local-only-2026-08-20/20260711160000_fix_org_rls_recursion_and_events_audit.sql
20260712002156,fix_should_send_notification_prefs_columns,local_only_unapplied,,supabase/migration-archive/pre-reconciliation-local-only-2026-08-20/20260712002156_fix_should_send_notification_prefs_columns.sql
20260712003357,account_follows,local_only_unapplied,,supabase/migration-archive/pre-reconciliation-local-only-2026-08-20/20260712003357_account_follows.sql
20260712010000,content_hub_analytics_plumbing,local_only_unapplied,,supabase/migration-archive/pre-reconciliation-local-only-2026-08-20/20260712010000_content_hub_analytics_plumbing.sql
20260712020000,post_templates,local_only_unapplied,,supabase/migration-archive/pre-reconciliation-local-only-2026-08-20/20260712020000_post_templates.sql
20260712020525,follower_polls_and_analytics,local_only_unapplied,,supabase/migration-archive/pre-reconciliation-local-only-2026-08-20/20260712020525_follower_polls_and_analytics.sql
20260712110000,org_calendar_token,local_only_unapplied,,supabase/migration-archive/pre-reconciliation-local-only-2026-08-20/20260712110000_org_calendar_token.sql
20260712120000,event_ticketing_foundation,local_only_unapplied,,supabase/migration-archive/pre-reconciliation-local-only-2026-08-20/20260712120000_event_ticketing_foundation.sql
20260712173820,event_ticketing_foundation,local_only_unapplied,,supabase/migration-archive/pre-reconciliation-local-only-2026-08-20/20260712173820_event_ticketing_foundation.sql
20260713125931,harden_application_documents_storage,local_only_unapplied,,supabase/migration-archive/pre-reconciliation-local-only-2026-08-20/20260713125931_harden_application_documents_storage.sql
20260713134049,harden_application_documents_storage,local_only_unapplied,,supabase/migration-archive/pre-reconciliation-local-only-2026-08-20/20260713134049_harden_application_documents_storage.sql
20260714015225,hiring_hub_roster_management_compat,local_only_unapplied,,supabase/migration-archive/pre-reconciliation-local-only-2026-08-20/20260714015225_hiring_hub_roster_management_compat.sql
20260714222543,harden_band_roster_artist_updates,local_only_unapplied,,supabase/migration-archive/pre-reconciliation-local-only-2026-08-20/20260714222543_harden_band_roster_artist_updates.sql
20260714233358,reliable_band_creation_fix,local_only_unapplied,,supabase/migration-archive/pre-reconciliation-local-only-2026-08-20/20260714233358_reliable_band_creation_fix.sql
20260715011112,account_scoped_admin_data,local_only_unapplied,,supabase/migration-archive/pre-reconciliation-local-only-2026-08-20/20260715011112_account_scoped_admin_data.sql
20260715023000,profile_scoped_epk_settings,superseded_conflicting_variant,20260715043341_profile_scoped_epk_settings.sql,supabase/migration-archive/pre-reconciliation-local-only-2026-08-20/20260715023000_profile_scoped_epk_settings.sql
20260717003042,align_event_participants_events_v2,local_only_unapplied,,supabase/migration-archive/pre-reconciliation-local-only-2026-08-20/20260717003042_align_event_participants_events_v2.sql
20260717013205,allow_events_audit_trigger_writes,local_only_unapplied,,supabase/migration-archive/pre-reconciliation-local-only-2026-08-20/20260717013205_allow_events_audit_trigger_writes.sql
20260717194218,harden_security_audit_remediation,superseded_conflicting_variant,20260717194541_harden_security_audit_remediation.sql,supabase/migration-archive/pre-reconciliation-local-only-2026-08-20/20260717194218_harden_security_audit_remediation.sql
20260717210000,feed_post_collaborators,local_only_unapplied,,supabase/migration-archive/pre-reconciliation-local-only-2026-08-20/20260717210000_feed_post_collaborators.sql
20260717210540,music_trust_foundation,local_only_unapplied,,supabase/migration-archive/pre-reconciliation-local-only-2026-08-20/20260717210540_music_trust_foundation.sql
20260717210553,music_certification_foundation,local_only_unapplied,,supabase/migration-archive/pre-reconciliation-local-only-2026-08-20/20260717210553_music_certification_foundation.sql
20260717220000,press_content_formats,local_only_unapplied,,supabase/migration-archive/pre-reconciliation-local-only-2026-08-20/20260717220000_press_content_formats.sql
20260717221000,press_release_shares,local_only_unapplied,,supabase/migration-archive/pre-reconciliation-local-only-2026-08-20/20260717221000_press_release_shares.sql
20260717231445,music_rights_domain_foundation,local_only_unapplied,,supabase/migration-archive/pre-reconciliation-local-only-2026-08-20/20260717231445_music_rights_domain_foundation.sql
20260717232000,music_rights_collaboration_and_agreements,local_only_unapplied,,supabase/migration-archive/pre-reconciliation-local-only-2026-08-20/20260717232000_music_rights_collaboration_and_agreements.sql
20260717233000,music_rights_passports_and_evidence,local_only_unapplied,,supabase/migration-archive/pre-reconciliation-local-only-2026-08-20/20260717233000_music_rights_passports_and_evidence.sql
20260717234000,music_rights_protection_and_ops,local_only_unapplied,,supabase/migration-archive/pre-reconciliation-local-only-2026-08-20/20260717234000_music_rights_protection_and_ops.sql
20260717240000,music_royalties_ingestion_and_ledger,invalid_timestamp_local_only,,supabase/migration-archive/pre-reconciliation-local-only-2026-08-20/20260717240000_music_royalties_ingestion_and_ledger.sql
20260717241000,music_royalties_allocations_payouts_statements,invalid_timestamp_local_only,,supabase/migration-archive/pre-reconciliation-local-only-2026-08-20/20260717241000_music_royalties_allocations_payouts_statements.sql
20260717242000,music_valuation_and_finance,invalid_timestamp_local_only,,supabase/migration-archive/pre-reconciliation-local-only-2026-08-20/20260717242000_music_valuation_and_finance.sql
20260718001450,music_marketplace_offerings_investors,local_only_unapplied,,supabase/migration-archive/pre-reconciliation-local-only-2026-08-20/20260718001450_music_marketplace_offerings_investors.sql
20260718001540,music_marketplace_positions_orders,local_only_unapplied,,supabase/migration-archive/pre-reconciliation-local-only-2026-08-20/20260718001540_music_marketplace_positions_orders.sql
20260718001550,music_marketplace_disclosures_ops,local_only_unapplied,,supabase/migration-archive/pre-reconciliation-local-only-2026-08-20/20260718001550_music_marketplace_disclosures_ops.sql
20260718010000,music_institutional_participants_deals_dataroom,local_only_unapplied,,supabase/migration-archive/pre-reconciliation-local-only-2026-08-20/20260718010000_music_institutional_participants_deals_dataroom.sql
20260718010100,music_institutional_diligence_bids_closings,local_only_unapplied,,supabase/migration-archive/pre-reconciliation-local-only-2026-08-20/20260718010100_music_institutional_diligence_bids_closings.sql
20260718010200,music_institutional_funds_nav_waterfalls,local_only_unapplied,,supabase/migration-archive/pre-reconciliation-local-only-2026-08-20/20260718010200_music_institutional_funds_nav_waterfalls.sql
20260718010300,music_institutional_risk_benchmarks_partners,local_only_unapplied,,supabase/migration-archive/pre-reconciliation-local-only-2026-08-20/20260718010300_music_institutional_risk_benchmarks_partners.sql
20260718020000,music_licensing_projects_briefs_requests,local_only_unapplied,,supabase/migration-archive/pre-reconciliation-local-only-2026-08-20/20260718020000_music_licensing_projects_briefs_requests.sql
20260718020100,music_licensing_availability_quotes_agreements,local_only_unapplied,,supabase/migration-archive/pre-reconciliation-local-only-2026-08-20/20260718020100_music_licensing_availability_quotes_agreements.sql
20260718020200,music_licensing_delivery_cues_usage_invoices,local_only_unapplied,,supabase/migration-archive/pre-reconciliation-local-only-2026-08-20/20260718020200_music_licensing_delivery_cues_usage_invoices.sql
20260718020300,music_licensing_conflicts_partners_audit,local_only_unapplied,,supabase/migration-archive/pre-reconciliation-local-only-2026-08-20/20260718020300_music_licensing_conflicts_partners_audit.sql
20260718030000,music_rights_admin_mandates_cases_registrations,local_only_unapplied,,supabase/migration-archive/pre-reconciliation-local-only-2026-08-20/20260718030000_music_rights_admin_mandates_cases_registrations.sql
20260718030100,music_rights_admin_external_matches_usage_claims,local_only_unapplied,,supabase/migration-archive/pre-reconciliation-local-only-2026-08-20/20260718030100_music_rights_admin_external_matches_usage_claims.sql
20260718030200,music_rights_admin_enforcement_dmca_settlements,local_only_unapplied,,supabase/migration-archive/pre-reconciliation-local-only-2026-08-20/20260718030200_music_rights_admin_enforcement_dmca_settlements.sql
20260718030300,music_rights_admin_partners_deadlines_audit_outbox,local_only_unapplied,,supabase/migration-archive/pre-reconciliation-local-only-2026-08-20/20260718030300_music_rights_admin_partners_deadlines_audit_outbox.sql
20260718040000,music_intelligence_consents_purposes_datasets_cohorts,local_only_unapplied,,supabase/migration-archive/pre-reconciliation-local-only-2026-08-20/20260718040000_music_intelligence_consents_purposes_datasets_cohorts.sql
20260718040100,music_intelligence_metrics_runs_benchmark_releases,local_only_unapplied,,supabase/migration-archive/pre-reconciliation-local-only-2026-08-20/20260718040100_music_intelligence_metrics_runs_benchmark_releases.sql
20260718040200,music_intelligence_policy_contract_education,local_only_unapplied,,supabase/migration-archive/pre-reconciliation-local-only-2026-08-20/20260718040200_music_intelligence_policy_contract_education.sql
20260718040300,music_intelligence_negotiation_groups_governance_audit,local_only_unapplied,,supabase/migration-archive/pre-reconciliation-local-only-2026-08-20/20260718040300_music_intelligence_negotiation_groups_governance_audit.sql
20260718050000,creator_cooperative_entity_membership_governance,local_only_unapplied,,supabase/migration-archive/pre-reconciliation-local-only-2026-08-20/20260718050000_creator_cooperative_entity_membership_governance.sql
20260718050100,creator_cooperative_data_contributions_lineage_vault,local_only_unapplied,,supabase/migration-archive/pre-reconciliation-local-only-2026-08-20/20260718050100_creator_cooperative_data_contributions_lineage_vault.sql
20260718050200,creator_cooperative_research_exchange_ethics_outputs,local_only_unapplied,,supabase/migration-archive/pre-reconciliation-local-only-2026-08-20/20260718050200_creator_cooperative_research_exchange_ethics_outputs.sql
20260718050300,creator_cooperative_policy_standards_benefits_collective,local_only_unapplied,,supabase/migration-archive/pre-reconciliation-local-only-2026-08-20/20260718050300_creator_cooperative_policy_standards_benefits_collective.sql
20260718060000,creator_federation_entities_memberships_governance,local_only_unapplied,,supabase/migration-archive/pre-reconciliation-local-only-2026-08-20/20260718060000_creator_federation_entities_memberships_governance.sql
20260718060100,creator_federation_trust_credentials_mandates,local_only_unapplied,,supabase/migration-archive/pre-reconciliation-local-only-2026-08-20/20260718060100_creator_federation_trust_credentials_mandates.sql
20260718060200,creator_federation_transfers_directory_conformance,local_only_unapplied,,supabase/migration-archive/pre-reconciliation-local-only-2026-08-20/20260718060200_creator_federation_transfers_directory_conformance.sql
20260718060300,creator_federation_decisions_disputes_incidents_outbox,local_only_unapplied,,supabase/migration-archive/pre-reconciliation-local-only-2026-08-20/20260718060300_creator_federation_decisions_disputes_incidents_outbox.sql
20260718070000,creator_public_entities_participation_identifiers,local_only_unapplied,,supabase/migration-archive/pre-reconciliation-local-only-2026-08-20/20260718070000_creator_public_entities_participation_identifiers.sql
20260718070001,harden_hiring_onboarding_templates_and_pii,local_only_unapplied,,supabase/migration-archive/pre-reconciliation-local-only-2026-08-20/20260718070001_harden_hiring_onboarding_templates_and_pii.sql
20260718070100,creator_public_trust_credentials_rights_references,local_only_unapplied,,supabase/migration-archive/pre-reconciliation-local-only-2026-08-20/20260718070100_creator_public_trust_credentials_rights_references.sql
20260718070200,creator_public_protocols_services_conformance,local_only_unapplied,,supabase/migration-archive/pre-reconciliation-local-only-2026-08-20/20260718070200_creator_public_protocols_services_conformance.sql
20260718070300,creator_public_governance_incidents_audit_outbox,local_only_unapplied,,supabase/migration-archive/pre-reconciliation-local-only-2026-08-20/20260718070300_creator_public_governance_incidents_audit_outbox.sql
20260718080000,creator_commons_stewards_participation_assets,local_only_unapplied,,supabase/migration-archive/pre-reconciliation-local-only-2026-08-20/20260718080000_creator_commons_stewards_participation_assets.sql
20260718080100,creator_commons_protocols_registries_conformance,local_only_unapplied,,supabase/migration-archive/pre-reconciliation-local-only-2026-08-20/20260718080100_creator_commons_protocols_registries_conformance.sql
20260718080200,creator_commons_operators_funding_transition,local_only_unapplied,,supabase/migration-archive/pre-reconciliation-local-only-2026-08-20/20260718080200_creator_commons_operators_funding_transition.sql
20260718080300,creator_commons_governance_incidents_audit_outbox,local_only_unapplied,,supabase/migration-archive/pre-reconciliation-local-only-2026-08-20/20260718080300_creator_commons_governance_incidents_audit_outbox.sql
20260718090000,creator_protocol_constitution_entities_compacts_ratifications,local_only_unapplied,,supabase/migration-archive/pre-reconciliation-local-only-2026-08-20/20260718090000_creator_protocol_constitution_entities_compacts_ratifications.sql
20260718090100,creator_protocol_constitution_powers_amendments_decisions_appeals,local_only_unapplied,,supabase/migration-archive/pre-reconciliation-local-only-2026-08-20/20260718090100_creator_protocol_constitution_powers_amendments_decisions_appeals.sql
20260718090200,creator_protocol_constitution_assets_operators_forks_succession,local_only_unapplied,,supabase/migration-archive/pre-reconciliation-local-only-2026-08-20/20260718090200_creator_protocol_constitution_assets_operators_forks_succession.sql
20260718090300,creator_protocol_constitution_incidents_audit_public_projections_outbox,local_only_unapplied,,supabase/migration-archive/pre-reconciliation-local-only-2026-08-20/20260718090300_creator_protocol_constitution_incidents_audit_public_projections_outbox.sql
20260718100000,creator_interop_approval_packages_networks,local_only_unapplied,,supabase/migration-archive/pre-reconciliation-local-only-2026-08-20/20260718100000_creator_interop_approval_packages_networks.sql
20260718100100,creator_interop_recognitions_profiles_decisions,local_only_unapplied,,supabase/migration-archive/pre-reconciliation-local-only-2026-08-20/20260718100100_creator_interop_recognitions_profiles_decisions.sql
20260718100200,creator_interop_projections_incidents_audit_outbox,local_only_unapplied,,supabase/migration-archive/pre-reconciliation-local-only-2026-08-20/20260718100200_creator_interop_projections_incidents_audit_outbox.sql
20260718110000,creator_interop_org_approval_orgs_instruments,local_only_unapplied,,supabase/migration-archive/pre-reconciliation-local-only-2026-08-20/20260718110000_creator_interop_org_approval_orgs_instruments.sql
20260718110100,creator_interop_org_organs_hq_privileges,local_only_unapplied,,supabase/migration-archive/pre-reconciliation-local-only-2026-08-20/20260718110100_creator_interop_org_organs_hq_privileges.sql
20260718110200,creator_interop_org_budget_oversight_relationships,local_only_unapplied,,supabase/migration-archive/pre-reconciliation-local-only-2026-08-20/20260718110200_creator_interop_org_budget_oversight_relationships.sql
20260718110300,creator_interop_org_projections_audit_outbox,local_only_unapplied,,supabase/migration-archive/pre-reconciliation-local-only-2026-08-20/20260718110300_creator_interop_org_projections_audit_outbox.sql
20260718120000,creator_interop_institution_approval_core,local_only_unapplied,,supabase/migration-archive/pre-reconciliation-local-only-2026-08-20/20260718120000_creator_interop_institution_approval_core.sql
20260718120100,creator_interop_institution_protocols_services,local_only_unapplied,,supabase/migration-archive/pre-reconciliation-local-only-2026-08-20/20260718120100_creator_interop_institution_protocols_services.sql
20260718120200,creator_interop_institution_funding_oversight,local_only_unapplied,,supabase/migration-archive/pre-reconciliation-local-only-2026-08-20/20260718120200_creator_interop_institution_funding_oversight.sql
20260718120300,creator_interop_institution_compliance_projections_outbox,local_only_unapplied,,supabase/migration-archive/pre-reconciliation-local-only-2026-08-20/20260718120300_creator_interop_institution_compliance_projections_outbox.sql
20260718130000,creator_treaty_ops_approval_core,local_only_unapplied,,supabase/migration-archive/pre-reconciliation-local-only-2026-08-20/20260718130000_creator_treaty_ops_approval_core.sql
20260718130100,creator_treaty_ops_reviews_protocols,local_only_unapplied,,supabase/migration-archive/pre-reconciliation-local-only-2026-08-20/20260718130100_creator_treaty_ops_reviews_protocols.sql
20260718130200,creator_treaty_ops_relationships_funding,local_only_unapplied,,supabase/migration-archive/pre-reconciliation-local-only-2026-08-20/20260718130200_creator_treaty_ops_relationships_funding.sql
20260718130300,creator_treaty_ops_projections_audit_outbox,local_only_unapplied,,supabase/migration-archive/pre-reconciliation-local-only-2026-08-20/20260718130300_creator_treaty_ops_projections_audit_outbox.sql
20260718200000,fix_artist_profiles_owner_user_id_trigger,local_only_unapplied,,supabase/migration-archive/pre-reconciliation-local-only-2026-08-20/20260718200000_fix_artist_profiles_owner_user_id_trigger.sql
20260719190826,notifications_account_scope_backfill,local_only_unapplied,,supabase/migration-archive/pre-reconciliation-local-only-2026-08-20/20260719190826_notifications_account_scope_backfill.sql
20260719193000,fix_tours_insert_owner_rls,local_only_unapplied,,supabase/migration-archive/pre-reconciliation-local-only-2026-08-20/20260719193000_fix_tours_insert_owner_rls.sql
20260719195500,employment_assignments_tour_id,local_only_unapplied,,supabase/migration-archive/pre-reconciliation-local-only-2026-08-20/20260719195500_employment_assignments_tour_id.sql
20260719210000,logistics_ops_foundation,local_only_unapplied,,supabase/migration-archive/pre-reconciliation-local-only-2026-08-20/20260719210000_logistics_ops_foundation.sql
20260719210918,messaging_account_scope,local_only_unapplied,,supabase/migration-archive/pre-reconciliation-local-only-2026-08-20/20260719210918_messaging_account_scope.sql
20260719220000,recognition_notifications_and_badge_seeds,local_only_unapplied,,supabase/migration-archive/pre-reconciliation-local-only-2026-08-20/20260719220000_recognition_notifications_and_badge_seeds.sql
20260719223037,admin_tour_foundation_security,superseded_conflicting_variant,20260720021441_admin_tour_foundation_security.sql,supabase/migration-archive/pre-reconciliation-local-only-2026-08-20/20260719223037_admin_tour_foundation_security.sql
20260719230353,admin_ticketing_security,superseded_conflicting_variant,20260720020254_admin_ticketing_security.sql,supabase/migration-archive/pre-reconciliation-local-only-2026-08-20/20260719230353_admin_ticketing_security.sql
20260719233431,admin_tour_stop_publish,superseded_conflicting_variant,20260720020302_admin_tour_stop_publish.sql,supabase/migration-archive/pre-reconciliation-local-only-2026-08-20/20260719233431_admin_tour_stop_publish.sql
20260719340000,creator_treaty_renewal_approval_core,invalid_timestamp_local_only,,supabase/migration-archive/pre-reconciliation-local-only-2026-08-20/20260719340000_creator_treaty_renewal_approval_core.sql
20260719340100,creator_treaty_renewal_impacts_sunsets,invalid_timestamp_local_only,,supabase/migration-archive/pre-reconciliation-local-only-2026-08-20/20260719340100_creator_treaty_renewal_impacts_sunsets.sql
20260719340200,creator_treaty_renewal_archives_continuity,invalid_timestamp_local_only,,supabase/migration-archive/pre-reconciliation-local-only-2026-08-20/20260719340200_creator_treaty_renewal_archives_continuity.sql
20260719340300,creator_treaty_renewal_projections_audit_outbox,invalid_timestamp_local_only,,supabase/migration-archive/pre-reconciliation-local-only-2026-08-20/20260719340300_creator_treaty_renewal_projections_audit_outbox.sql
20260720000000,audius_provider_references,local_only_unapplied,,supabase/migration-archive/pre-reconciliation-local-only-2026-08-20/20260720000000_audius_provider_references.sql
20260720003000,admin_tour_collaboration_security,superseded_conflicting_variant,20260720020544_admin_tour_collaboration_security.sql,supabase/migration-archive/pre-reconciliation-local-only-2026-08-20/20260720003000_admin_tour_collaboration_security.sql
20260720010000,travel_change_notifications,local_only_unapplied,,supabase/migration-archive/pre-reconciliation-local-only-2026-08-20/20260720010000_travel_change_notifications.sql
20260720065221,organization_social_integrations_content_hub,superseded_conflicting_variant,20260720070144_organization_social_integrations_content_hub.sql,supabase/migration-archive/pre-reconciliation-local-only-2026-08-20/20260720065221_organization_social_integrations_content_hub.sql
20260720074945,admin_tenant_key_quarantine,local_only_unapplied,,supabase/migration-archive/pre-reconciliation-local-only-2026-08-20/20260720074945_admin_tenant_key_quarantine.sql
20260720075248,admin_finance_rls_sec106,local_only_unapplied,,supabase/migration-archive/pre-reconciliation-local-only-2026-08-20/20260720075248_admin_finance_rls_sec106.sql
20260720075400,admin_logistics_rls_sec107,local_only_unapplied,,supabase/migration-archive/pre-reconciliation-local-only-2026-08-20/20260720075400_admin_logistics_rls_sec107.sql
20260720075500,admin_legacy_ticketing_rls_sec108,local_only_unapplied,,supabase/migration-archive/pre-reconciliation-local-only-2026-08-20/20260720075500_admin_legacy_ticketing_rls_sec108.sql
20260720153400,admin_org_scoped_mutation_sec110,local_only_unapplied,,supabase/migration-archive/pre-reconciliation-local-only-2026-08-20/20260720153400_admin_org_scoped_mutation_sec110.sql
20260720153600,security_audit_events_sec111,local_only_unapplied,,supabase/migration-archive/pre-reconciliation-local-only-2026-08-20/20260720153600_security_audit_events_sec111.sql
20260720160000,admin_tour_api_telemetry_tour106,local_only_unapplied,,supabase/migration-archive/pre-reconciliation-local-only-2026-08-20/20260720160000_admin_tour_api_telemetry_tour106.sql
20260720161000,tour_plan_version_plan101,local_only_unapplied,,supabase/migration-archive/pre-reconciliation-local-only-2026-08-20/20260720161000_tour_plan_version_plan101.sql
20260720170000,admin_publication_outbox_pub101,local_only_unapplied,,supabase/migration-archive/pre-reconciliation-local-only-2026-08-20/20260720170000_admin_publication_outbox_pub101.sql
20260720171000,admin_publication_schema_pub102,local_only_unapplied,,supabase/migration-archive/pre-reconciliation-local-only-2026-08-20/20260720171000_admin_publication_schema_pub102.sql
20260720172000,event_version_event104,local_only_unapplied,,supabase/migration-archive/pre-reconciliation-local-only-2026-08-20/20260720172000_event_version_event104.sql
20260720173000,admin_workforce_authority_work102,local_only_unapplied,,supabase/migration-archive/pre-reconciliation-local-only-2026-08-20/20260720173000_admin_workforce_authority_work102.sql
20260720174000,workforce_identity_aliases_work105,local_only_unapplied,,supabase/migration-archive/pre-reconciliation-local-only-2026-08-20/20260720174000_workforce_identity_aliases_work105.sql
20260720174322,fin105_reversal_adjustment_rules,local_only_unapplied,,supabase/migration-archive/pre-reconciliation-local-only-2026-08-20/20260720174322_fin105_reversal_adjustment_rules.sql
20260720175000,travel_org_keys_travel101,local_only_unapplied,,supabase/migration-archive/pre-reconciliation-local-only-2026-08-20/20260720175000_travel_org_keys_travel101.sql
20260720176000,travel_rls_travel102,invalid_timestamp_local_only,,supabase/migration-archive/pre-reconciliation-local-only-2026-08-20/20260720176000_travel_rls_travel102.sql
20260720177000,travel_coordination_lifecycle_travel104,invalid_timestamp_local_only,,supabase/migration-archive/pre-reconciliation-local-only-2026-08-20/20260720177000_travel_coordination_lifecycle_travel104.sql
20260720178000,logistics_org_keys_log101,invalid_timestamp_local_only,,supabase/migration-archive/pre-reconciliation-local-only-2026-08-20/20260720178000_logistics_org_keys_log101.sql
20260720179000,site_map_org_inheritance_map101,invalid_timestamp_local_only,,supabase/migration-archive/pre-reconciliation-local-only-2026-08-20/20260720179000_site_map_org_inheritance_map101.sql
20260720180000,tix101_drop_legacy_policies,local_only_unapplied,,supabase/migration-archive/pre-reconciliation-local-only-2026-08-20/20260720180000_tix101_drop_legacy_policies.sql
20260720181000,tix102_harden_foundation_rls,local_only_unapplied,,supabase/migration-archive/pre-reconciliation-local-only-2026-08-20/20260720181000_tix102_harden_foundation_rls.sql
20260720182000,finance_org_keys_fin101,local_only_unapplied,,supabase/migration-archive/pre-reconciliation-local-only-2026-08-20/20260720182000_finance_org_keys_fin101.sql
20260720183000,fin102_replace_blanket_rls,local_only_unapplied,,supabase/migration-archive/pre-reconciliation-local-only-2026-08-20/20260720183000_fin102_replace_blanket_rls.sql
20260720184000,fin105_reversal_adjustment_rules,local_only_unapplied,,supabase/migration-archive/pre-reconciliation-local-only-2026-08-20/20260720184000_fin105_reversal_adjustment_rules.sql
20260720184540,entity_grants_sec204,local_only_unapplied,,supabase/migration-archive/pre-reconciliation-local-only-2026-08-20/20260720184540_entity_grants_sec204.sql
20260720184600,tour_metadata_version_tour201,local_only_unapplied,,supabase/migration-archive/pre-reconciliation-local-only-2026-08-20/20260720184600_tour_metadata_version_tour201.sql
20260720185000,vend102_vendor_identity_master,local_only_unapplied,,supabase/migration-archive/pre-reconciliation-local-only-2026-08-20/20260720185000_vend102_vendor_identity_master.sql
20260720186000,vend103_protected_vendor_data,invalid_timestamp_local_only,,supabase/migration-archive/pre-reconciliation-local-only-2026-08-20/20260720186000_vend103_protected_vendor_data.sql
20260720191718,tour_duplicate_jobs_tour206,local_only_unapplied,,supabase/migration-archive/pre-reconciliation-local-only-2026-08-20/20260720191718_tour_duplicate_jobs_tour206.sql
20260720192143,public_profile_recognition_reads,local_only_unapplied,,supabase/migration-archive/pre-reconciliation-local-only-2026-08-20/20260720192143_public_profile_recognition_reads.sql
20260720193241,tour_tags_owners_saved_views_tour209,local_only_unapplied,,supabase/migration-archive/pre-reconciliation-local-only-2026-08-20/20260720193241_tour_tags_owners_saved_views_tour209.sql
20260720194500,tour_versions_stops_plan201,local_only_unapplied,,supabase/migration-archive/pre-reconciliation-local-only-2026-08-20/20260720194500_tour_versions_stops_plan201.sql
20260720195000,tour_stops_holds_plan202_205,local_only_unapplied,,supabase/migration-archive/pre-reconciliation-local-only-2026-08-20/20260720195000_tour_stops_holds_plan202_205.sql
20260720200000,admin_publication_transactional_publish_pub204,local_only_unapplied,,supabase/migration-archive/pre-reconciliation-local-only-2026-08-20/20260720200000_admin_publication_transactional_publish_pub204.sql
20260720211534,tour_command_center_projection_rep202,local_only_unapplied,,supabase/migration-archive/pre-reconciliation-local-only-2026-08-20/20260720211534_tour_command_center_projection_rep202.sql
20260720220000,creator_treaty_legacy_approval_core,local_only_unapplied,,supabase/migration-archive/pre-reconciliation-local-only-2026-08-20/20260720220000_creator_treaty_legacy_approval_core.sql
20260720220100,creator_treaty_legacy_custody_strategy,local_only_unapplied,,supabase/migration-archive/pre-reconciliation-local-only-2026-08-20/20260720220100_creator_treaty_legacy_custody_strategy.sql
20260720220200,creator_treaty_legacy_identifiers_ethics,local_only_unapplied,,supabase/migration-archive/pre-reconciliation-local-only-2026-08-20/20260720220200_creator_treaty_legacy_identifiers_ethics.sql
20260720220300,creator_treaty_legacy_projections_audit_outbox,local_only_unapplied,,supabase/migration-archive/pre-reconciliation-local-only-2026-08-20/20260720220300_creator_treaty_legacy_projections_audit_outbox.sql
20260720230000,creator_memory_trust_approval_core,local_only_unapplied,,supabase/migration-archive/pre-reconciliation-local-only-2026-08-20/20260720230000_creator_memory_trust_approval_core.sql
20260720230100,creator_memory_deposits_custodians_packages,local_only_unapplied,,supabase/migration-archive/pre-reconciliation-local-only-2026-08-20/20260720230100_creator_memory_deposits_custodians_packages.sql
20260720230200,creator_memory_access_reuse_repatriation,local_only_unapplied,,supabase/migration-archive/pre-reconciliation-local-only-2026-08-20/20260720230200_creator_memory_access_reuse_repatriation.sql
20260720250000,tour_route_legs_route301,invalid_timestamp_local_only,,supabase/migration-archive/pre-reconciliation-local-only-2026-08-20/20260720250000_tour_route_legs_route301.sql
20260721120000,venue_profiles_url_slug,local_only_unapplied,,supabase/migration-archive/pre-reconciliation-local-only-2026-08-20/20260721120000_venue_profiles_url_slug.sql
20260721203929,admin_publication_outbox_claim_org_scope,local_only_unapplied,,supabase/migration-archive/pre-reconciliation-local-only-2026-08-20/20260721203929_admin_publication_outbox_claim_org_scope.sql
20260721214919,admin_role_capability_aliases_sec003,local_only_unapplied,,supabase/migration-archive/pre-reconciliation-local-only-2026-08-20/20260721214919_admin_role_capability_aliases_sec003.sql
20260721215705,admin_publication_snapshot_immutability_adr005,local_only_unapplied,,supabase/migration-archive/pre-reconciliation-local-only-2026-08-20/20260721215705_admin_publication_snapshot_immutability_adr005.sql
20260721221325,admin_publication_outbox_hardening_pub101,local_only_unapplied,,supabase/migration-archive/pre-reconciliation-local-only-2026-08-20/20260721221325_admin_publication_outbox_hardening_pub101.sql
20260721221811,admin_publication_parent_scope_rls_pub102,local_only_unapplied,,supabase/migration-archive/pre-reconciliation-local-only-2026-08-20/20260721221811_admin_publication_parent_scope_rls_pub102.sql
20260721235322,planning_venue_catalog,local_only_unapplied,,supabase/migration-archive/pre-reconciliation-local-only-2026-08-20/20260721235322_planning_venue_catalog.sql
20260721235608,admin_feature_flag_governance_rel008,local_only_unapplied,,supabase/migration-archive/pre-reconciliation-local-only-2026-08-20/20260721235608_admin_feature_flag_governance_rel008.sql
20260722002848,admin_signed_acting_context_sec101,local_only_unapplied,,supabase/migration-archive/pre-reconciliation-local-only-2026-08-20/20260722002848_admin_signed_acting_context_sec101.sql
20260726003944,fix_site_map_child_table_owner_rls,local_only_unapplied,,supabase/migration-archive/pre-reconciliation-local-only-2026-08-20/20260726003944_fix_site_map_child_table_owner_rls.sql
20260727000000,add_logistics_thread_type_and_reactions,local_only_unapplied,,supabase/migration-archive/pre-reconciliation-local-only-2026-08-20/20260727000000_add_logistics_thread_type_and_reactions.sql
20260728000000,venue_kit_settings,local_only_unapplied,,supabase/migration-archive/pre-reconciliation-local-only-2026-08-20/20260728000000_venue_kit_settings.sql
20260728000001,marketplace_listing_kinds,local_only_unapplied,,supabase/migration-archive/pre-reconciliation-local-only-2026-08-20/20260728000001_marketplace_listing_kinds.sql
20260728000002,marketplace_service_definitions,local_only_unapplied,,supabase/migration-archive/pre-reconciliation-local-only-2026-08-20/20260728000002_marketplace_service_definitions.sql
20260728000003,marketplace_external_listings,local_only_unapplied,,supabase/migration-archive/pre-reconciliation-local-only-2026-08-20/20260728000003_marketplace_external_listings.sql
20260728000004,marketplace_external_clicks,local_only_unapplied,,supabase/migration-archive/pre-reconciliation-local-only-2026-08-20/20260728000004_marketplace_external_clicks.sql
20260728000005,marketplace_service_requests,local_only_unapplied,,supabase/migration-archive/pre-reconciliation-local-only-2026-08-20/20260728000005_marketplace_service_requests.sql
20260728000006,marketplace_service_offers,local_only_unapplied,,supabase/migration-archive/pre-reconciliation-local-only-2026-08-20/20260728000006_marketplace_service_offers.sql
20260728000007,marketplace_service_bookings,local_only_unapplied,,supabase/migration-archive/pre-reconciliation-local-only-2026-08-20/20260728000007_marketplace_service_bookings.sql
20260728000008,marketplace_post_attachments,local_only_unapplied,,supabase/migration-archive/pre-reconciliation-local-only-2026-08-20/20260728000008_marketplace_post_attachments.sql
20260728000009,marketplace_ticket_collections,local_only_unapplied,,supabase/migration-archive/pre-reconciliation-local-only-2026-08-20/20260728000009_marketplace_ticket_collections.sql
20260728000010,marketplace_fee_rules,local_only_unapplied,,supabase/migration-archive/pre-reconciliation-local-only-2026-08-20/20260728000010_marketplace_fee_rules.sql
20260728000011,marketplace_checkout_attempts,local_only_unapplied,,supabase/migration-archive/pre-reconciliation-local-only-2026-08-20/20260728000011_marketplace_checkout_attempts.sql
20260728000012,marketplace_p2_fk_index_remediation,local_only_unapplied,,supabase/migration-archive/pre-reconciliation-local-only-2026-08-20/20260728000012_marketplace_p2_fk_index_remediation.sql
20260728000013,marketplace_listings_fts,local_only_unapplied,,supabase/migration-archive/pre-reconciliation-local-only-2026-08-20/20260728000013_marketplace_listings_fts.sql
20260728000014,marketplace_orders_p6_guest_checkout,local_only_unapplied,,supabase/migration-archive/pre-reconciliation-local-only-2026-08-20/20260728000014_marketplace_orders_p6_guest_checkout.sql
20260728000015,marketplace_admin_moderation_columns,local_only_unapplied,,supabase/migration-archive/pre-reconciliation-local-only-2026-08-20/20260728000015_marketplace_admin_moderation_columns.sql
20260728000016,marketplace_listings_search_vector,local_only_unapplied,,supabase/migration-archive/pre-reconciliation-local-only-2026-08-20/20260728000016_marketplace_listings_search_vector.sql
20260728001000,post_style_profiles,local_only_unapplied,,supabase/migration-archive/pre-reconciliation-local-only-2026-08-20/20260728001000_post_style_profiles.sql
20260728001001,post_appearances,local_only_unapplied,,supabase/migration-archive/pre-reconciliation-local-only-2026-08-20/20260728001001_post_appearances.sql
20260728001002,post_appearance_revisions,local_only_unapplied,,supabase/migration-archive/pre-reconciliation-local-only-2026-08-20/20260728001002_post_appearance_revisions.sql
20260728001003,post_styles_feature_flags,local_only_unapplied,,supabase/migration-archive/pre-reconciliation-local-only-2026-08-20/20260728001003_post_styles_feature_flags.sql
20260728162903,audit_comment_count_trigger,local_only_unapplied,,supabase/migration-archive/pre-reconciliation-local-only-2026-08-20/20260728162903_audit_comment_count_trigger.sql
20260728181917,work_mode_ux_telemetry,local_only_unapplied,,supabase/migration-archive/pre-reconciliation-local-only-2026-08-20/20260728181917_work_mode_ux_telemetry.sql
20260728185712,work_mode_worker_actions,local_only_unapplied,,supabase/migration-archive/pre-reconciliation-local-only-2026-08-20/20260728185712_work_mode_worker_actions.sql
20260728195837,venue_booking_lifecycle,local_only_unapplied,,supabase/migration-archive/pre-reconciliation-local-only-2026-08-20/20260728195837_venue_booking_lifecycle.sql
20260728212330,artist_profile_design_drafts,local_only_unapplied,,supabase/migration-archive/pre-reconciliation-local-only-2026-08-20/20260728212330_artist_profile_design_drafts.sql
20260728224543,harden_post_appearance_v2,local_only_unapplied,,supabase/migration-archive/pre-reconciliation-local-only-2026-08-20/20260728224543_harden_post_appearance_v2.sql
20260728233640,repair_post_engagement_persistence,local_only_unapplied,,supabase/migration-archive/pre-reconciliation-local-only-2026-08-20/20260728233640_repair_post_engagement_persistence.sql
20260731184645,streamlined_tour_builder_quick_start,superseded_conflicting_variant,20260731193454_streamlined_tour_builder_quick_start.sql,supabase/migration-archive/pre-reconciliation-local-only-2026-08-20/20260731184645_streamlined_tour_builder_quick_start.sql
20260731184654,staff_operations_channels,local_only_unapplied,,supabase/migration-archive/pre-reconciliation-local-only-2026-08-20/20260731184654_staff_operations_channels.sql
20260731194500,quick_start_event_rpc_rls_repair,superseded_conflicting_variant,20260731194002_quick_start_event_rpc_rls_repair.sql,supabase/migration-archive/pre-reconciliation-local-only-2026-08-20/20260731194500_quick_start_event_rpc_rls_repair.sql
20260731233358,premiere_post_styles_v3,local_only_unapplied,,supabase/migration-archive/pre-reconciliation-local-only-2026-08-20/20260731233358_premiere_post_styles_v3.sql
20260801215649,global_search_indexes,superseded_conflicting_variant,20260801221454_global_search_indexes.sql,supabase/migration-archive/pre-reconciliation-local-only-2026-08-20/20260801215649_global_search_indexes.sql
20260801221059,artist_booking_management,local_only_unapplied,,supabase/migration-archive/pre-reconciliation-local-only-2026-08-20/20260801221059_artist_booking_management.sql
20260804003756,staff_shifts_soft_delete,local_only_unapplied,,supabase/migration-archive/pre-reconciliation-local-only-2026-08-20/20260804003756_staff_shifts_soft_delete.sql
20260804093000,staff_shift_assignments_tour_id,local_only_unapplied,,supabase/migration-archive/pre-reconciliation-local-only-2026-08-20/20260804093000_staff_shift_assignments_tour_id.sql
20260804102000,backfill_roster_assignments_from_audit,local_only_unapplied,,supabase/migration-archive/pre-reconciliation-local-only-2026-08-20/20260804102000_backfill_roster_assignments_from_audit.sql
20260804130000,event_provider_foundation,local_only_unapplied,,supabase/migration-archive/pre-reconciliation-local-only-2026-08-20/20260804130000_event_provider_foundation.sql
20260804131000,event_discovery_postgis,local_only_unapplied,,supabase/migration-archive/pre-reconciliation-local-only-2026-08-20/20260804131000_event_discovery_postgis.sql
20260804132000,event_claims_merges,local_only_unapplied,,supabase/migration-archive/pre-reconciliation-local-only-2026-08-20/20260804132000_event_claims_merges.sql
20260809005744,admin_logistics_plan_workspace_v1,local_only_unapplied,,supabase/migration-archive/pre-reconciliation-local-only-2026-08-20/20260809005744_admin_logistics_plan_workspace_v1.sql
20260811182035,admin_owner_org_scope_repair,local_only_unapplied,,supabase/migration-archive/pre-reconciliation-local-only-2026-08-20/20260811182035_admin_owner_org_scope_repair.sql
20260811201816,communications_command_center_foundation,local_only_unapplied,,supabase/migration-archive/pre-reconciliation-local-only-2026-08-20/20260811201816_communications_command_center_foundation.sql
